#{"t_start": 1762167329.0795012, "env_id": "None"}
r,l,t
2266.188307,27,1.359222
1737.130036,30,1.703065
2106.940073,31,2.09991
1754.426537,17,2.308833
1721.122132,25,2.598607
2389.729455,29,3.001407
1797.118168,23,3.28625
1983.87864,39,3.713912
3657.458958,52,4.30447
1509.191599,15,4.47688
2144.320475,26,4.782827
2154.65007,31,5.174248
2348.475098,32,5.552447
2015.05107,35,5.991428
1979.067816,16,6.196283
1832.854759,29,6.5455
1710.477612,23,6.797946
3524.551626,53,7.412221
2103.043097,36,7.84592
1251.926869,15,8.009343
2430.495979,27,8.352529
1817.551214,37,8.754721
2204.38981,33,9.153085
1858.571231,51,9.691288
2157.1612,30,10.063823
2354.512978,49,10.63764
1709.33171,41,11.096296
3401.877795,57,11.783528
2280.757087,20,12.04076
2447.329584,30,12.415828
1576.725965,27,12.712566
2595.679609,30,13.08805
2958.614638,53,13.658762
2364.265702,30,14.022216
2460.955043,28,14.396882
1913.626783,16,14.591808
1328.860901,20,14.816455
2032.015779,25,15.120933
2152.790741,34,15.513562
1781.588711,15,15.704819
2184.467581,23,15.991125
1602.915862,20,16.246722
1930.936097,20,16.489993
2120.885369,24,16.772947
2408.430783,28,17.154484
2769.093923,46,17.672839
1762.902603,15,17.862401
2765.818339,30,18.220927
2258.686863,26,18.545604
1937.822803,34,18.92554
2005.605101,24,19.3156
1601.051791,13,19.482871
1757.257334,33,19.875486
2678.283949,35,20.307511
1811.626788,15,20.489777
3129.585506,35,20.942159
2451.601455,47,21.424937
2606.904967,29,21.784211
2667.060182,31,22.173656
2046.203665,19,22.422951
1357.29863,11,22.555006
2335.387083,16,22.766002
2510.982911,31,23.14816
1557.323819,16,23.340007
1473.591474,27,23.632926
1414.857988,24,23.899654
2164.898455,17,24.12269
2461.193925,39,24.570095
2111.641716,23,24.88163
2191.60079,19,25.127333
1856.460734,21,25.366684
2010.280272,24,25.640886
1268.65945,15,25.813096
1830.328758,27,26.140437
2061.801239,22,26.403603
2389.775721,28,26.71154
2593.205588,35,27.098856
2072.896191,28,27.428689
1976.949092,16,27.644904
1565.9417,18,27.856236
2207.871367,19,28.076964
2208.275471,44,28.532376
2805.27786,37,28.976554
1853.08572,16,29.176365
1359.072835,12,29.306025
2795.370931,35,29.731722
1628.956525,15,29.901671
2225.855557,34,30.286878
3156.732819,35,30.709231
2452.456042,23,30.998998
1854.934543,14,31.170521
1939.096458,17,31.403583
1738.979795,20,31.628894
2134.280632,26,31.926812
2576.439277,25,32.217372
1780.03263,17,32.414638
2829.59728,37,32.909139
1618.034139,25,33.231117
2567.785853,46,33.705401
2922.920183,35,34.110518
2268.118325,27,34.412048
2212.281265,22,34.679082
1940.080364,25,34.948594
1915.764607,27,35.245974
2174.501591,28,35.574195
1804.133056,15,35.751585
1967.757444,14,35.924122
1644.258807,15,36.102633
1905.644544,21,36.340203
2500.811147,24,36.655749
1875.336404,18,36.853373
2217.008982,20,37.110251
2187.486215,21,37.355029
2310.144938,31,37.723174
1839.485736,14,37.908063
1980.923718,18,38.124614
1788.277944,27,38.410475
1928.011871,54,38.922965
1917.712629,33,39.277369
2175.589782,21,39.52773
2472.667601,17,39.744876
2269.810808,32,40.097872
2027.969128,34,40.511941
1711.856711,18,40.696569
1929.441612,23,40.958902
1809.364697,19,41.173736
1808.85521,13,41.322139
2112.526817,26,41.601788
1760.815022,24,41.873609
1942.372687,22,42.13752
1694.733581,18,42.339603
1958.447983,30,42.662957
1617.566184,15,42.859403
1691.842528,17,43.089199
1613.289603,24,43.331846
1414.663983,10,43.459114
1764.790018,14,43.625661
2525.478215,28,43.971748
1833.791565,13,44.121865
1421.381478,34,44.534013
1986.122406,20,44.783226
1628.888106,26,45.069762
2854.794192,19,45.342722
2191.506102,28,45.654983
1601.934905,17,45.844541
3708.238837,51,46.42524
1876.60025,13,46.587562
1909.323175,19,46.825885
2021.550042,25,47.110414
1730.132489,19,47.339439
1923.407455,18,47.549719
1894.410904,19,47.793976
1759.942714,17,47.997803
1921.573419,18,48.226712
2868.000616,24,48.52517
2061.69541,16,48.715401
1607.44514,11,48.849068
1571.260176,19,49.058706
1850.716687,11,49.198707
1732.228225,16,49.384122
1627.74395,19,49.608378
1865.881745,25,49.891953
1652.44623,29,50.203804
1680.802843,17,50.395821
1762.699582,17,50.597808
1417.083748,10,50.720017
2262.458571,19,50.965105
1560.901674,21,51.18251
2272.16291,35,51.567128
2745.039094,33,51.932201
1797.396294,22,52.202781
1643.520674,22,52.437764
1824.690114,19,52.645818
2063.924585,31,52.98562
1467.44564,13,53.135186
2304.194167,25,53.437362
1287.288111,16,53.617599
1527.412943,16,53.789798
1591.088863,24,54.029409
2328.533695,46,54.512416
2007.248805,16,54.714318
2135.913927,20,54.939588
1354.38951,10,55.054189
1209.420541,18,55.241853
2743.357705,27,55.558484
1270.134802,11,55.692158
2290.196753,24,55.968848
2251.400175,28,56.271926
1932.138862,27,56.556789
1963.642843,24,56.823117
2329.5062,40,57.254392
1733.386852,13,57.41189
1801.740521,17,57.607369
1616.978486,17,57.796229
1481.018193,25,58.054428
1960.92078,28,58.34175
1691.121519,24,58.620744
1851.438538,25,58.87521
2008.482088,27,59.153298
1493.845088,25,59.412212
1679.325832,13,59.59075
2286.829638,24,59.888314
1525.07167,16,60.063396
1624.323522,12,60.204131
1552.647395,13,60.365436
1687.735669,21,60.593069
2052.856606,30,60.924107
1806.358773,18,61.126322
2091.813046,17,61.335194
2272.206358,28,61.656868
1387.21151,17,61.832335
1881.314747,14,62.02697
2395.664371,24,62.311563
1602.358757,18,62.514187
1749.609088,17,62.722485
2134.054597,20,62.961796
1501.782684,16,63.170026
1657.901885,24,63.442562
1975.007704,24,63.714112
2895.326507,38,64.182998
2157.497708,21,64.427168
2030.492982,15,64.619857
2193.649604,24,64.892631
1421.028045,19,65.09948
2099.703272,19,65.369545
2019.095864,22,65.644028
1793.646802,18,65.896249
2122.427227,31,66.271911
2095.55316,19,66.493524
1355.311587,44,66.92436
1737.250413,21,67.153373
2072.330867,20,67.393415
1617.139925,25,67.681415
1826.299952,17,67.869886
1710.092937,17,68.082862
2395.702235,26,68.374973
2139.854848,22,68.618792
1602.048172,17,68.801951
1849.24497,19,69.004727
1936.871763,19,69.237829
1620.248211,19,69.437106
1550.788539,21,69.667723
1759.593548,19,69.876729
2256.595555,18,70.131796
1802.764914,12,70.271936
1870.78739,32,70.620868
1733.539001,21,70.851619
1934.449533,27,71.13299
2346.997445,30,71.473015
1853.368296,29,71.769593
2176.016345,16,71.977953
1755.363395,23,72.227264
1607.499338,15,72.392891
1754.275807,26,72.657552
1695.020054,18,72.853129
1914.548835,23,73.114249
1630.478625,16,73.286771
2400.301121,22,73.598984
1627.657412,11,73.729367
1649.803563,32,74.033266
1919.394617,20,74.257734
1591.030119,16,74.434547
1702.009403,19,74.659815
1921.169347,25,74.934065
1825.953878,25,75.190919
2114.607094,31,75.518991
1791.659316,13,75.680911
1503.000468,9,75.794191
2093.937971,19,76.033164
2006.138915,18,76.259802
1611.672431,14,76.420324
2253.661674,21,76.671781
1526.419956,9,76.782889
1727.313078,14,76.95025
1808.080751,24,77.199208
1443.54535,11,77.338789
1376.543118,11,77.462547
1465.771776,28,77.758181
2112.638044,37,78.138619
1412.373887,14,78.292859
1931.599999,22,78.533395
1444.882065,12,78.685728
1679.677227,13,78.827617
1603.771769,12,78.959736
1906.386826,14,79.139926
1308.506826,16,79.318295
1909.998881,20,79.538605
1281.126362,10,79.641451
1765.919405,13,79.812937
1660.227981,9,79.941258
1731.26577,14,80.110729
2031.445048,15,80.289903
1504.909164,16,80.456315
1554.904216,16,80.648507
1595.019797,11,80.777057
1460.834478,18,80.968259
1366.394975,11,81.083588
2352.688161,31,81.419964
1540.006449,11,81.552284
1921.552964,17,81.753934
1561.221457,15,81.918849
2012.01041,39,82.309242
2842.444877,32,82.676709
1405.123685,13,82.832091
1750.846054,18,83.029871
1418.073916,13,83.175103
2068.15538,20,83.402166
1663.800578,16,83.577615
1623.957871,31,83.877705
1450.877216,15,84.046018
1795.571392,17,84.253321
1635.233533,16,84.426733
2059.411855,22,84.686624
1713.742363,20,84.897866
1796.563536,20,85.13168
2159.51461,14,85.297633
1761.698128,19,85.505394
1400.015621,12,85.641295
2066.964551,24,85.912281
1525.436548,17,86.104053
1597.549253,14,86.266205
1666.657867,17,86.468041
1738.875066,15,86.637024
1552.497951,14,86.796207
1597.179827,13,86.943142
1776.754141,11,87.062975
1283.767888,8,87.165009
1925.105642,24,87.433986
1559.137948,15,87.607753
2061.689099,28,87.910914
1696.611893,17,88.101266
1599.63486,14,88.268426
1893.457637,21,88.492925
1379.524067,12,88.622247
1768.923117,12,88.768666
1784.498104,15,88.941215
1547.013689,9,89.038347
2217.701073,22,89.306235
1692.1577,15,89.472855
1502.304412,10,89.595962
1592.754197,20,89.804587
1621.267131,17,89.979558
1752.518276,14,90.141114
1612.639413,14,90.308308
1840.735397,29,90.616586
1485.958829,22,90.833449
1771.962294,17,91.03184
1992.808924,16,91.224064
1670.158777,14,91.374552
1357.582305,13,91.516508
1675.582997,12,91.670928
1543.32431,18,91.879291
1818.354269,21,92.099391
1733.847158,11,92.222142
1363.937103,12,92.367979
1585.850566,12,92.506271
1388.286035,13,92.649873
1703.517565,15,92.820209
1897.304981,20,93.051805
1883.329714,22,93.278833
1849.326649,19,93.483356
1475.595181,16,93.662765
1562.684988,20,93.855925
1592.380701,20,94.065289
1619.132807,18,94.280956
1706.577193,21,94.48826
1599.987501,16,94.655879
1685.295545,10,94.786814
1646.050954,25,95.037604
2100.082351,25,95.314826
1517.22305,13,95.46961
1658.033688,15,95.651695
2034.511669,16,95.838852
1353.055282,11,95.975043
1812.7143,26,96.265523
2133.62337,27,96.572102
1487.622259,18,96.755877
1532.351565,15,96.929206
1292.939506,16,97.098636
2027.188367,21,97.32671
1411.973706,15,97.492285
1498.523627,19,97.694329
1734.487216,20,97.930853
1593.51383,14,98.08835
1425.319593,22,98.336796
1783.280435,13,98.487788
2154.148869,22,98.748518
1803.479568,18,98.942071
1939.216849,11,99.086335
1829.091617,28,99.363909
1633.246357,13,99.521571
1594.828715,15,99.706845
1911.438955,19,99.912137
1705.128816,10,100.030829
1883.517048,23,100.264503
1639.227119,13,100.421475
1318.292851,10,100.540852
2013.52187,15,100.711866
1403.404384,7,100.809489
1580.861369,12,100.950113
1559.71183,14,101.120179
1643.880822,27,101.384645
1885.830623,19,101.589917
1666.866824,15,101.75186
1747.357869,14,101.908034
1563.753614,9,102.019823
1838.543129,18,102.221994
1572.876862,12,102.364591
1739.924225,16,102.556451
2087.532737,15,102.733495
1530.016877,11,102.862013
1633.120957,15,103.033619
1480.81926,9,103.156247
1897.663212,26,103.418176
1316.486127,10,103.532373
1461.609154,7,103.620166
1603.727735,12,103.763877
1637.275335,13,103.926441
1515.842333,12,104.064322
1379.111276,9,104.17432
1614.018648,13,104.326894
1676.28966,17,104.535734
1468.934458,21,104.755552
1560.710932,9,104.860927
1576.411142,19,105.069996
1789.701061,16,105.253271
1777.592296,21,105.488358
1501.422462,10,105.607142
1752.638514,20,105.826682
1697.90135,17,106.015285
1806.099903,27,106.289833
1816.012364,11,106.431456
1455.604916,12,106.570956
1553.960936,13,106.713587
1592.690629,15,106.876173
1517.812734,12,107.015453
1470.709535,12,107.14244
1420.051368,10,107.259863
1736.270924,12,107.405882
1408.902315,11,107.526175
1688.517938,14,107.679609
1674.371077,9,107.783363
1970.828175,38,108.199799
1652.285884,21,108.424269
1479.122905,9,108.531986
1538.790075,13,108.6841
1481.284964,13,108.825679
1361.698136,10,108.942844
1541.439711,12,109.081386
1532.659981,12,109.232816
1687.383831,12,109.369569
1433.493847,10,109.491684
1614.935274,12,109.639808
1442.431892,9,109.742126
1511.955104,13,109.874121
1308.960612,8,109.97323
1548.833838,11,110.101439
1709.176936,14,110.271173
1344.781712,13,110.404708
1435.201564,13,110.574773
1636.057128,13,110.728324
1405.905269,6,110.803906
1553.825581,11,110.931112
1571.957463,14,111.081423
1604.883258,13,111.226568
1600.255742,19,111.433028
1448.445278,11,111.554781
1557.437895,11,111.681056
1377.630644,9,111.797263
1623.701979,8,111.892285
1414.544249,9,112.003064
1635.004123,13,112.143947
1465.347526,9,112.251932
1654.432619,9,112.361446
1496.645463,12,112.493303
1906.264274,14,112.669922
1656.518393,12,112.806002
1663.463229,12,112.934565
1775.876533,13,113.108588
1340.974666,9,113.207094
1487.858108,11,113.353
1552.919147,14,113.506
1910.75787,9,113.622243
1379.299963,9,113.724981
1577.466782,13,113.875153
1781.691354,9,113.983682
1626.59512,13,114.137083
1743.046833,14,114.312934
1594.215643,18,114.509988
1459.90047,10,114.62584
1624.827657,10,114.741652
1613.343541,9,114.851293
1541.429946,11,114.979448
1532.837791,17,115.154543
1581.496792,11,115.281883
1551.301004,11,115.407956
1729.144958,11,115.55332
1577.335681,13,115.702561
1860.814983,14,115.867142
1739.705836,11,115.997539
1506.817993,10,116.112912
1749.908857,20,116.318519
1516.194398,11,116.454045
1421.487395,15,116.606975
1538.604862,10,116.729189
1770.464598,21,116.957998
1444.781706,8,117.059609
1663.354269,12,117.192162
1522.185336,7,117.28282
1660.717487,15,117.443103
1861.802714,15,117.616126
1212.828566,12,117.740831
1719.601041,19,117.945452
1745.99119,12,118.097587
1401.72255,13,118.24549
1545.956547,9,118.35056
1621.053843,9,118.451916
1984.731637,12,118.598846
1575.804617,9,118.705886
1602.916332,8,118.800348
1659.215458,12,118.93779
1576.49807,11,119.063435
1604.110907,10,119.180102
1604.314484,11,119.301982
1324.347505,10,119.435067
1507.309679,10,119.551258
1375.727968,14,119.708923
1513.997896,16,119.877127
1481.454778,11,119.992702
1673.051602,13,120.137107
1461.905101,12,120.263532
1502.760435,13,120.408578
1313.801938,12,120.541583
1448.776899,9,120.650476
1333.12364,14,120.802236
1673.118617,13,120.972153
1859.744332,12,121.124278
1651.874828,18,121.321494
1775.115724,15,121.487302
1615.66021,9,121.586665
1474.474718,21,121.810757
1651.24566,9,121.917945
1615.152267,9,122.030117
1408.973156,11,122.157501
1337.631363,11,122.28245
1619.172067,17,122.489891
1645.608515,17,122.675745
1461.911294,11,122.801967
1342.75659,8,122.892918
1490.118685,15,123.055627
1776.507333,11,123.188211
1512.075317,13,123.34085
1505.473071,9,123.449493
1529.900411,14,123.608119
1507.433556,14,123.760282
1349.289397,13,123.910108
1530.724414,10,124.026076
1797.574155,14,124.180876
1590.057899,12,124.317318
1471.902315,13,124.468279
1410.089916,16,124.634996
1350.165872,9,124.738891
1577.118773,12,124.870872
1598.765429,16,125.042072
1325.473746,12,125.186645
1580.462386,7,125.278672
1440.518167,10,125.409439
1666.328677,12,125.556772
1809.213433,10,125.687034
1495.416841,7,125.776592
1574.918382,11,125.900988
1837.118162,11,126.025558
1513.354894,11,126.152462
1369.01991,13,126.294956
1455.415727,10,126.410949
1682.62772,11,126.555261
1510.904192,12,126.692743
1716.481499,14,126.858016
1679.777718,9,126.962302
1797.500899,10,127.082873
1560.633808,9,127.19605
1631.357819,9,127.3282
1441.199487,10,127.45242
1491.975455,19,127.677713
1642.706132,11,127.818005
1746.061561,11,127.970665
1761.389398,13,128.135166
1339.421789,8,128.23324
1873.194023,11,128.371832
1595.323536,17,128.555418
1598.987002,15,128.722811
1669.873105,9,128.837875
1606.873336,13,128.994015
1565.499372,8,129.095894
1384.341959,16,129.258108
1308.657566,8,129.365881
1500.06776,16,129.544324
1636.442365,10,129.663757
1358.948977,9,129.768833
1519.088414,12,129.896873
1715.257147,12,130.060209
1654.294335,14,130.218329
1577.679295,8,130.327744
1575.544197,9,130.435143
1552.098287,9,130.553616
1448.66372,9,130.659361
1605.568386,16,130.854089
1502.080469,11,130.976016
1692.773017,11,131.105678
1698.145168,16,131.279987
1630.649445,9,131.381039
1717.203119,11,131.504179
1672.085773,19,131.700041
1727.698293,12,131.840778
1785.302214,16,132.029891
1463.249495,16,132.205375
1617.581823,9,132.316245
1542.865324,11,132.444747
1656.698566,12,132.580243
1289.400567,9,132.681538
1480.004379,9,132.802809
1943.07436,18,132.992678
1535.863548,11,133.126211
1684.618173,9,133.240278
1646.17131,15,133.404228
1455.107431,9,133.506334
1527.432151,9,133.614266
1583.730713,14,133.781403
1640.136727,17,133.958132
1542.097275,11,134.0811
1758.253882,11,134.213861
1466.526335,10,134.330595
1525.903701,14,134.499478
1385.661074,7,134.58936
1323.646296,9,134.69787
1370.321116,12,134.825543
1571.340362,12,134.954324
1588.574587,12,135.099895
1826.634814,12,135.240638
1898.11156,9,135.354007
1479.460673,12,135.503748
1856.634282,9,135.618427
1596.348772,14,135.786656
1433.257502,14,135.932822
1627.839012,13,136.083039
1474.198523,9,136.194169
1552.005318,13,136.34314
1687.370012,12,136.477968
1486.326008,11,136.601061
1732.790889,11,136.744959
1648.931082,19,136.936795
1688.956862,12,137.095594
1714.028024,13,137.244844
1514.183417,9,137.353289
1570.70979,10,137.476484
1634.447711,10,137.594066
1702.802111,14,137.75386
1608.02773,12,137.883857
1409.996961,7,137.975179
1575.679854,7,138.068643
1713.783399,11,138.19737
1701.854004,16,138.404995
1810.496354,14,138.568681
1564.293069,20,138.761987
1781.529653,25,139.004482
1533.159994,15,139.16791
1544.751441,20,139.372369
1508.458813,13,139.52948
1576.95045,13,139.678318
1812.761114,22,139.926265
1976.953223,12,140.06669
1772.980223,19,140.275508
1557.379288,12,140.412882
1339.87982,12,140.539686
1389.621896,11,140.656447
1900.694936,10,140.781282
1443.204779,9,140.881013
1557.998109,14,141.05618
1723.342745,10,141.201464
1602.862063,12,141.340586
1470.798209,9,141.446834
1496.235807,10,141.557741
1422.510881,9,141.666272
1650.899195,12,141.804014
1901.061693,13,141.960671
1379.702885,9,142.05349
1379.453322,10,142.182025
1588.861492,11,142.308492
1493.616582,16,142.483574
1633.014506,10,142.600136
1669.623188,9,142.708473
1560.04594,11,142.832738
1650.944981,7,142.919726
1555.88704,19,143.128467
1592.146944,6,143.205081
1660.298144,16,143.374923
1532.471622,9,143.480791
1753.931266,17,143.674453
1465.799251,15,143.86048
1658.776843,10,143.977358
1735.453989,20,144.186806
1705.084449,11,144.316901
1609.443207,15,144.486194
1661.401777,10,144.612837
1708.03379,16,144.784085
1637.228831,12,144.923634
1769.400529,19,145.139824
1692.728878,14,145.303051
1766.433284,11,145.430873
1670.958528,11,145.573492
1589.544882,13,145.714843
1465.101297,13,145.856088
1726.636804,11,145.987776
1643.2386,19,146.204599
1626.903155,15,146.359011
1490.180452,7,146.462103
1598.778256,17,146.649974
1725.768231,12,146.779826
1647.093304,14,146.933954
1566.541509,10,147.050269
1897.618574,34,147.390681
1593.976132,11,147.507684
1882.105362,16,147.675664
1855.152006,13,147.841912
1730.306762,12,147.969654
1416.591148,11,148.090258
1621.189213,22,148.303948
1369.041185,13,148.434632
1499.999797,13,148.572916
1568.155479,15,148.742959
1672.683541,12,148.878454
1708.165004,10,148.996912
1666.014271,9,149.118932
1622.827445,16,149.292451
1437.947566,14,149.442998
1527.682404,8,149.541089
1610.169689,14,149.697037
1906.572107,11,149.841871
1648.725349,12,149.978859
1993.438951,32,150.291251
1458.440217,13,150.451168
1562.655681,11,150.578809
1568.406615,10,150.700342
1375.747653,10,150.811728
1431.085165,12,150.950057
1418.007929,10,151.059258
1555.224256,22,151.275035
1566.511259,15,151.447757
1774.355521,14,151.602825
1517.058804,8,151.711718
1501.521938,9,151.820946
1864.539308,19,152.022825
1476.380156,8,152.12059
1526.730261,11,152.251792
1513.084667,19,152.454629
1706.365281,7,152.543618
1392.299375,15,152.705023
1655.419651,9,152.816821
1637.316679,12,152.949553
1796.106444,15,153.129535
1584.729811,9,153.240119
1486.893542,13,153.381157
1505.618045,9,153.476591
1437.713201,12,153.616704
1642.391091,7,153.701072
1513.953474,6,153.776254
1534.546833,10,153.8859
1597.138215,9,154.000944
1340.741351,13,154.149481
1288.39123,11,154.273085
1623.440319,6,154.350591
1766.723927,15,154.514988
1418.92812,11,154.647875
1730.060874,13,154.803927
1599.499566,12,154.935075
1377.292797,8,155.038901
1572.623418,6,155.112877
1586.502123,12,155.254874
1560.044526,7,155.332962
1634.75591,9,155.445079
1473.696498,9,155.552094
1329.873242,9,155.646698
1593.55003,13,155.795054
1872.280458,12,155.959236
1639.84949,14,156.112385
1519.980543,11,156.238705
1638.401594,7,156.343616
1477.811208,9,156.452183
1596.151736,7,156.534728
1569.145891,10,156.648574
1622.441965,12,156.781866
1689.036029,9,156.896357
1504.808978,9,157.00585
1474.313132,10,157.121418
1572.740276,13,157.293408
1686.474684,12,157.423758
1562.773584,10,157.537039
1600.933052,6,157.61171
1558.973429,12,157.757394
1419.663036,6,157.828893
1469.311898,10,157.942455
1685.036543,6,158.021044
1474.733083,12,158.146492
1652.653918,6,158.230328
1642.655817,6,158.305756
1450.572798,12,158.430581
1604.891794,8,158.535707
1467.641323,7,158.666888
1531.789267,8,158.782797
1518.250876,11,158.917361
1624.022283,13,159.074083
1344.513991,14,159.228426
1582.168239,8,159.336779
1730.01917,14,159.501469
1414.124108,11,159.627223
1468.014698,9,159.737703
1526.537792,14,159.897417
1612.335966,10,160.021639
1469.67728,6,160.091956
1244.879201,11,160.207224
1536.234265,11,160.332238
1414.151364,13,160.477428
1679.503338,14,160.630969
1580.530482,14,160.77481
1581.493525,9,160.878308
1773.899774,18,161.069904
1485.350439,11,161.186204
1553.20813,9,161.290756
1564.154236,9,161.410804
1536.73944,13,161.547313
1517.520889,9,161.653034
1644.598373,9,161.762378
1522.971901,6,161.83268
1478.491914,7,161.915565
1622.336412,6,161.99666
1635.891209,9,162.09669
1498.701756,9,162.20016
1508.740475,6,162.274825
1560.568616,6,162.359687
1663.215212,8,162.454386
1394.038878,9,162.563174
1472.296457,6,162.630059
1402.644608,9,162.752586
1501.822036,8,162.849866
1527.769368,12,162.979423
1473.504637,13,163.122615
1432.704761,9,163.220241
1441.856678,11,163.342395
1616.2476,9,163.442526
1541.127406,6,163.51893
1431.749722,11,163.635605
1667.186508,6,163.699666
1618.908398,12,163.834804
1395.61715,9,163.968223
1589.959719,12,164.105488
1439.131494,6,164.182763
1618.353604,11,164.308776
1703.863839,6,164.382996
1459.443201,10,164.497447
1615.13148,9,164.604424
1651.499715,6,164.696372
1590.81639,9,164.821341
1575.003899,12,164.952745
1566.128189,6,165.036189
1516.906795,10,165.145896
1468.921184,9,165.25762
1570.712305,8,165.357248
1562.492286,9,165.45684
1593.914534,9,165.559261
1618.341868,6,165.63786
1390.770715,16,165.797581
1427.727869,11,165.915738
1411.472587,9,166.020323
1427.500891,9,166.12144
1489.240481,8,166.213717
1551.241264,6,166.296602
1559.927517,6,166.372709
1922.781408,11,166.518012
1647.755598,6,166.595595
1696.873304,8,166.695829
1572.73551,9,166.804261
1520.153811,6,166.878003
1620.793146,12,167.008595
1519.584037,6,167.084943
1589.993457,6,167.167318
1498.462018,9,167.272829
1491.940293,10,167.38311
1475.374542,12,167.518482
1450.308104,9,167.622369
1494.800796,6,167.71136
1525.154682,6,167.784012
1562.538927,9,167.887594
1535.615012,9,167.991402
1631.069089,8,168.084041
1494.305748,9,168.188296
1654.635209,6,168.263022
1511.168935,10,168.373498
1650.046269,6,168.449789
1573.141661,9,168.563813
1539.096022,9,168.665563
1451.07495,9,168.76827
1586.950385,11,168.892101
1551.813,9,169.01147
1480.063043,9,169.113978
1415.986361,11,169.23284
1425.393309,9,169.338271
1370.525525,9,169.435916
1612.079814,6,169.518213
1679.488689,6,169.594112
1406.612477,10,169.706935
1570.048693,9,169.811482
1476.409024,6,169.883328
1606.652702,6,169.95694
1421.687135,9,170.064905
1641.856964,6,170.139985
1384.745038,9,170.244149
1566.965313,12,170.384081
1534.366474,7,170.468992
1608.695471,9,170.568868
1428.182198,6,170.657281
1574.288057,9,170.757589
1590.309366,12,170.897632
1423.05241,9,171.000895
1546.724912,9,171.095215
1470.479531,10,171.206145
1364.984439,9,171.309081
1492.812337,6,171.382882
1732.643068,6,171.464261
1089.260096,49,171.95551
1459.750831,10,172.067718
1563.013225,9,172.175508
1507.02834,9,172.280747
1561.103112,9,172.387291
1667.602784,9,172.49878
1526.825155,9,172.592033
1516.282697,15,172.746902
304.748344,114,173.828436
1520.301947,9,173.935954
1529.310535,9,174.04262
1362.133799,10,174.164325
1568.306624,9,174.271746
1811.960794,6,174.363971
1643.895403,10,174.482572
1516.787105,6,174.555433
1604.772389,6,174.631951
1590.390493,6,174.705912
1407.527177,9,174.828005
1602.332388,7,174.919679
1543.414918,9,175.021006
1513.950757,6,175.10491
1549.224943,6,175.182894
1498.830456,5,175.248911
524.27065,89,176.113496
1576.919872,12,176.243418
1509.48296,9,176.351211
1448.903876,9,176.454084
1669.697732,25,176.701411
1702.950661,6,176.775724
1520.990049,13,176.911062
1548.080245,8,177.011729
1485.405457,12,177.152269
1425.432113,6,177.232066
1443.49173,9,177.330539
1744.494312,9,177.442184
1308.950131,13,177.580667
1524.436792,7,177.663941
1426.503513,10,177.775372
1517.458075,13,177.933014
1509.195684,37,178.343647
1614.683737,6,178.421872
1467.139675,9,178.531869
1560.793507,6,178.609618
1690.650586,8,178.712063
1374.242041,9,178.817986
1392.667649,10,178.932776
1437.046489,9,179.0406
1433.951592,9,179.139863
1508.14822,13,179.283449
1342.373629,7,179.364802
1462.490185,9,179.480286
1607.771384,9,179.591144
1583.231028,7,179.685714
1498.797961,10,179.804223
1695.674988,10,179.920961
1364.248781,7,180.008852
1585.169694,6,180.084528
1672.258273,10,180.204834
1562.037055,9,180.309776
1588.890689,9,180.415659
1561.172938,9,180.513291
809.461422,59,181.092796
1571.638821,9,181.20567
1579.29794,11,181.34296
1449.323777,9,181.453565
1443.616753,9,181.559038
1541.684132,10,181.674662
1500.061179,7,181.75689
1457.620536,8,181.853319
1781.13782,28,182.146682
1507.200455,9,182.264176
1362.701533,11,182.387431
1418.04298,6,182.47107
1400.181742,14,182.614745
1394.754537,10,182.735643
1306.95207,12,182.866553
1535.215804,6,182.939703
1494.20994,7,183.019
1533.73067,11,183.154522
1420.256701,9,183.252814
1523.663525,6,183.338251
1458.784067,14,183.490688
1562.144065,9,183.606732
1564.358569,6,183.701022
1479.972176,9,183.811691
1557.834448,12,183.952786
1547.442868,20,184.169557
1437.584265,7,184.251807
1497.886015,9,184.358675
1535.584564,6,184.429775
1476.846985,9,184.531958
1515.145141,7,184.614797
1328.311666,12,184.749625
1364.409754,7,184.827697
1353.001696,20,185.045344
1519.100596,6,185.117834
1531.89072,9,185.222271
1530.725062,6,185.297668
1440.45764,9,185.401348
1460.205699,9,185.51435
1446.982266,6,185.588699
647.54494,71,186.300809
1361.618995,17,186.482389
1564.984351,13,186.621692
1519.946671,10,186.736014
1328.867825,9,186.84421
1392.997157,8,186.937575
1344.920008,9,187.032915
1582.696323,6,187.116808
1398.42976,13,187.261623
1521.764188,6,187.339526
1546.3551,9,187.451761
1393.584915,7,187.540732
1541.222694,9,187.652338
1512.28194,13,187.799724
1428.329352,15,187.954903
1564.551905,6,188.03339
1465.954653,9,188.138369
1490.842944,9,188.26088
1611.314134,6,188.340683
1457.378504,9,188.445526
1411.173056,9,188.550441
1589.107215,9,188.652982
1093.684556,34,189.037973
1443.964493,9,189.146758
1822.022984,11,189.275363
1338.802429,12,189.41026
1571.514939,13,189.550428
1544.727009,9,189.657207
1636.587992,9,189.76585
1437.633327,9,189.873284
1597.130051,6,189.96716
1439.469524,10,190.100762
1587.964331,7,190.187057
1584.620615,11,190.339942
1523.735112,9,190.444571
1472.204756,6,190.520975
1305.508822,8,190.623065
1495.809778,10,190.734722
1447.806604,11,190.853913
1531.653245,7,190.968729
1651.334749,7,191.060859
1441.639964,8,191.166404
1669.47636,8,191.277778
1562.491673,7,191.385407
1518.920522,9,191.511029
1552.247643,12,191.66981
1506.52422,9,191.801223
1530.365818,6,191.888287
1474.496089,19,192.097066
1520.438439,9,192.200006
1473.312747,7,192.286968
1544.31822,9,192.395826
1398.846256,17,192.579654
1534.874523,10,192.694482
1506.917061,9,192.815048
1531.133338,6,192.887913
1524.332542,9,192.991875
1418.716943,11,193.118112
1622.005471,6,193.195904
1578.82594,6,193.270584
1567.238971,6,193.363255
1560.912446,9,193.469423
1532.754849,9,193.576002
1554.911364,9,193.68464
1577.696928,6,193.759236
1407.904296,8,193.852554
1557.765951,7,193.9358
1567.116451,6,194.016024
1373.03873,12,194.172418
1459.05347,10,194.286796
1510.042972,7,194.36439
1583.37572,7,194.456916
1499.08725,8,194.549727
1527.741634,7,194.642941
1503.31401,7,194.725121
1567.781448,10,194.844065
1544.766701,6,194.919191
1428.54665,13,195.053757
1466.053469,7,195.134182
1555.237791,7,195.226575
1575.853879,6,195.302608
1507.311364,6,195.387448
1502.127206,9,195.494961
1387.221231,10,195.605191
1500.704532,9,195.719156
1404.718906,9,195.813879
1445.05411,7,195.902377
1441.189243,7,195.980795
1646.408703,7,196.076116
1381.823904,14,196.221277
1366.431775,7,196.306975
1445.784554,6,196.378052
1447.314126,7,196.456068
1561.668116,6,196.55137
1659.789679,6,196.634906
1488.101429,7,196.712264
1442.974775,6,196.787998
1405.02621,9,196.893777
1600.589312,6,196.966042
1424.579442,10,197.077656
1511.366588,6,197.162126
1408.880927,9,197.263049
1627.462068,7,197.357941
1618.424158,9,197.467918
1573.08158,7,197.551201
1608.089295,6,197.624518
1403.307274,7,197.709981
1451.022518,9,197.804737
1505.814897,6,197.900829
1606.736151,9,198.002637
1440.289951,7,198.087335
1515.472365,7,198.169207
1401.118265,10,198.274474
785.030396,74,198.991265
1399.835565,7,199.075848
1542.230673,8,199.180565
1359.233476,7,199.267252
1574.177479,7,199.3617
1415.488061,6,199.438953
1523.525532,6,199.517429
1452.548181,6,199.58638
1395.061197,7,199.675344
1149.366403,13,199.814901
1447.702303,7,199.906116
1441.557323,7,199.984159
1348.186548,7,200.071923
1512.826901,9,200.169763
1479.846862,7,200.260077
1416.524708,10,200.371914
1683.833116,9,200.481778
1628.749072,6,200.567009
1409.832847,7,200.650001
1219.579421,18,200.842161
1438.588887,7,200.920139
1648.535626,9,201.026463
1595.146152,8,201.123896
1545.51786,6,201.191921
1463.661822,8,201.285033
1147.876779,37,201.652528
1184.573815,12,201.777847
1126.833211,16,201.964936
1415.518186,7,202.056884
1508.282886,9,202.162662
1490.996933,9,202.264395
1481.002704,6,202.343343
1639.936047,6,202.418692
1450.070792,9,202.52094
1407.958741,7,202.600946
1430.455805,9,202.703898
1515.59637,10,202.82271
1394.82566,7,202.902118
1298.864016,8,203.000118
1547.112382,6,203.074956
1405.221892,7,203.158224
1584.078866,10,203.293825
868.920789,35,203.64518
1281.020788,7,203.729332
1267.93583,8,203.820556
1229.773185,7,203.912811
1480.606202,7,204.00088
1461.697578,6,204.077798
1312.9726,7,204.167938
1303.103444,14,204.323018
1437.173321,6,204.393215
1498.197444,8,204.478546
1316.810528,9,204.584806
1608.409157,6,204.671369
1374.783173,7,204.756195
1428.189935,9,204.857952
1363.384165,14,205.025688
1439.807201,11,205.160469
1378.268891,15,205.323093
1294.107188,11,205.450633
1329.693666,7,205.530803
1600.305635,6,205.608969
1406.80711,9,205.712548
1359.550398,6,205.78692
1362.815646,16,205.97589
1501.752043,10,206.087885
1426.970999,10,206.186249
1372.01074,9,206.292247
1292.68956,7,206.377104
1370.794629,8,206.463144
1441.027495,6,206.541326
1416.376665,6,206.613259
1282.869341,9,206.711213
1392.111941,12,206.837344
1067.862276,28,207.13181
1446.524837,10,207.247123
1463.938552,8,207.347055
1499.373892,6,207.422029
1646.091579,7,207.51142
1559.301991,13,207.652596
1431.740785,7,207.743109
1494.933502,6,207.814005
1411.508932,12,207.957031
1311.615492,14,208.101224
1460.838493,16,208.261474
1403.917539,9,208.365877
1385.252881,9,208.468926
1546.247601,15,208.637124
1387.359788,14,208.781366
1350.216205,10,208.902011
1549.463935,6,208.973661
1559.508755,6,209.050412
1392.639189,12,209.187053
1382.991043,8,209.27359
1486.702995,12,209.41316
1366.810017,7,209.49257
1299.715039,13,209.637849
1410.397751,12,209.773236
1299.513686,13,209.904673
1272.111047,14,210.060361
1454.967392,20,210.269805
1497.742208,13,210.416618
1310.440309,18,210.598284
1409.733257,10,210.714463
1321.941246,13,210.861229
1340.02289,13,211.001092
1493.601895,7,211.07761
1405.792107,24,211.313428
1479.865021,7,211.404256
1474.372605,7,211.489752
1379.723535,10,211.602256
1312.174088,11,211.715454
1420.173774,8,211.808583
1408.776219,6,211.883078
1617.15654,10,212.001627
1411.106299,7,212.084044
1308.470912,9,212.186018
1490.209063,14,212.334532
1537.575381,6,212.404675
1475.236651,23,212.625654
1466.649948,12,212.77427
1440.071157,8,212.870885
1303.081634,16,213.043674
1400.488228,15,213.212207
1590.480326,24,213.45666
1528.164784,8,213.545961
1460.534871,6,213.617526
1371.33766,8,213.715075
1541.637045,11,213.838351
1180.299801,13,213.98293
1520.010997,5,214.058891
1692.736793,8,214.154521
1420.806874,9,214.262148
1393.712978,17,214.440541
1500.454404,10,214.55189
1531.99936,9,214.646893
1533.552221,13,214.794277
1453.273204,10,214.906971
1209.85213,13,215.053454
1563.017538,6,215.124774
1600.438761,6,215.208668
1433.646728,12,215.351769
1279.265145,10,215.473773
1393.206724,11,215.601915
1338.492169,13,215.735713
1470.39084,8,215.839816
1537.617832,8,215.931137
1363.231734,11,216.061244
1512.175525,16,216.234691
1411.68984,9,216.342483
1460.156747,26,216.598848
1432.451906,6,216.670838
1447.423166,10,216.799449
1523.410662,6,216.871818
1460.906544,7,216.962831
1596.213155,10,217.078575
1625.030453,18,217.27392
1462.066715,9,217.374773
1503.326876,9,217.486607
1491.224889,17,217.657238
1472.99365,18,217.845239
1488.958373,6,217.924992
1502.122607,15,218.108694
1475.115992,16,218.281024
1360.237595,10,218.392295
1424.583707,8,218.485994
1375.318479,9,218.595708
1475.29599,11,218.71958
1469.289538,9,218.827382
1248.189079,13,218.966915
1523.577376,8,219.067997
1345.567999,8,219.157027
1415.261682,25,219.410959
1454.885347,10,219.525938
1210.345294,8,219.621889
1273.788469,12,219.744266
1307.26843,11,219.873802
1522.644482,6,219.948692
1345.947658,12,220.080837
1500.429111,9,220.186211
1471.47682,17,220.358353
1670.156999,6,220.446731
1528.560193,6,220.520778
1502.817101,25,220.781103
1588.82749,17,220.956992
1492.411797,15,221.128436
1576.967443,20,221.348304
1545.881372,15,221.522892
1495.762393,9,221.642418
1540.64996,19,221.851665
1477.433147,6,221.925835
1637.185663,7,222.024393
1388.60243,9,222.132487
1460.96791,11,222.275905
1573.668168,6,222.356561
1421.773867,9,222.454793
1482.455135,14,222.608726
1532.816176,17,222.795501
1439.646836,13,222.934072
1499.520189,19,223.132475
1483.456501,10,223.24542
1549.824835,9,223.352075
1380.014604,7,223.43013
1405.444743,11,223.553976
1406.30897,8,223.648763
1486.948717,11,223.780538
1500.194174,6,223.854685
1538.690947,10,223.973698
1520.459719,8,224.065923
1458.691815,6,224.141903
1351.521638,17,224.316061
1407.184932,11,224.434886
1515.173441,9,224.54069
1478.836747,7,224.628026
1487.960402,6,224.713685
1651.54783,6,224.791998
1429.164943,12,224.943673
1535.595984,8,225.055694
1439.326653,6,225.156723
1397.846677,9,225.256358
1490.521533,11,225.383574
1347.83783,13,225.51627
1603.790144,6,225.59356
1464.054539,12,225.73012
1307.038415,17,225.915862
1604.649775,7,226.004758
1483.307439,6,226.077591
1297.248151,16,226.239157
1455.750777,8,226.338834
1583.483988,6,226.414275
1622.340471,19,226.642036
1494.39108,7,226.721487
1437.815292,7,226.801632
1384.927705,14,226.952794
1487.23894,12,227.092958
1190.330155,31,227.394513
1465.955955,9,227.498866
1527.26604,6,227.584971
1322.010787,18,227.775874
1510.844179,9,227.88238
1538.230374,9,227.987027
1316.149576,47,228.451283
1484.451794,8,228.550184
1512.418199,21,228.766934
1377.552333,11,228.882315
1565.331775,24,229.119854
1400.925122,14,229.272816
1423.155378,9,229.376348
1630.909552,6,229.463877
1510.095652,9,229.571389
1483.462023,17,229.743692
1434.550961,12,229.871644
1315.104734,8,229.959424
1487.997982,12,230.093155
1452.41318,10,230.20633
1359.349131,16,230.372339
1391.128181,10,230.50476
1519.259844,14,230.65439
1467.525964,8,230.743244
1503.102398,17,230.936358
1452.214383,7,231.015141
1439.620141,11,231.138698
1495.286679,6,231.209443
1421.653715,9,231.312647
1457.586449,6,231.386567
1432.917389,7,231.472661
1481.508095,8,231.567152
1445.235793,18,231.758928
1499.021001,6,231.829451
1438.507899,8,231.923529
1348.313792,8,232.011207
1511.658276,7,232.101591
1379.572227,33,232.439314
1675.199106,6,232.524033
1498.726381,6,232.597556
1450.231908,9,232.699769
1450.127712,11,232.818929
1649.70212,6,232.892011
1474.313649,11,233.01353
1559.560339,12,233.157532
1597.143091,7,233.2421
1467.455957,9,233.361993
1594.182505,8,233.453288
1394.569325,9,233.562134
1462.828888,6,233.639201
1599.836893,9,233.764865
1388.482512,12,233.894561
1440.678415,12,234.024974
1476.920495,10,234.135421
1391.592877,10,234.253245
1492.279631,12,234.379687
1576.235408,8,234.478975
1492.08115,10,234.597242
1545.42089,9,234.706351
1426.963166,9,234.808121
1517.497651,11,234.941409
1532.62069,6,235.01457
1596.1423,15,235.181803
1400.940124,10,235.301138
1568.405318,6,235.378955
1465.23587,12,235.518707
1540.378951,6,235.594134
1425.328656,16,235.770127
1394.184257,11,235.902564
1546.565723,6,235.976269
1541.858124,8,236.076224
1417.174562,12,236.205338
1466.175399,7,236.310812
1500.233674,10,236.423044
1552.415089,10,236.540532
1450.11942,7,236.620596
1535.969574,8,236.721865
1506.295306,8,236.813999
1443.247381,9,236.930197
1568.80059,6,237.006011
1501.947727,13,237.153546
1500.649494,10,237.272769
1316.747063,9,237.384655
1472.699065,17,237.571284
1529.693835,9,237.694599
1493.262472,10,237.808326
1580.78787,6,237.886292
1476.155737,7,237.971436
1358.543561,8,238.06701
1475.384203,6,238.155499
1336.164416,12,238.292754
1558.038417,24,238.542944
1535.785503,10,238.658292
1413.975033,9,238.758908
1505.092528,7,238.845734
1352.59683,19,239.040279
1426.101135,9,239.15385
1437.640872,11,239.289134
1482.933332,7,239.372057
1445.065872,15,239.533781
1362.759121,9,239.640797
1486.877594,10,239.756138
1534.629936,6,239.833035
1663.98952,7,239.914901
1345.141659,12,240.052279
1462.80743,9,240.157367
1433.253939,10,240.270427
1464.990208,6,240.34617
1546.355972,10,240.483311
1475.78109,7,240.571738
1482.909028,6,240.64548
1507.621256,8,240.749787
1541.753827,8,240.85657
1382.333974,15,241.018426
1491.214052,11,241.144583
1382.529686,11,241.265239
1392.533215,10,241.380249
1386.941615,10,241.48792
1438.439816,9,241.610255
1369.025321,11,241.72989
1380.450661,8,241.851011
1430.7841,10,241.964581
1293.45044,7,242.044509
1489.328691,10,242.154807
1349.926175,9,242.264515
1385.293634,6,242.340262
1470.412809,13,242.485223
1572.519305,6,242.559449
1613.34916,9,242.674714
1434.320981,6,242.745759
1525.734856,9,242.853626
1337.579275,14,243.004295
1550.64028,12,243.168323
1500.62265,8,243.255466
1459.594162,13,243.400033
1661.537568,7,243.489033
1546.978121,6,243.571386
1455.596104,11,243.700607
1554.103405,6,243.777544
1453.814805,9,243.886836
1481.097018,8,243.978056
1536.225069,6,244.059976
1415.050901,7,244.144894
1493.878162,6,244.215774
1633.226732,6,244.297982
1407.53455,9,244.421105
1596.756302,9,244.532947
1500.590102,9,244.640477
1357.53135,10,244.750847
1488.475853,10,244.86761
1569.849157,16,245.050522
1550.71038,6,245.120726
1446.428723,9,245.22792
1351.911325,8,245.325954
1367.420843,11,245.446921
1501.425342,9,245.559061
1449.804837,10,245.696976
1494.43026,8,245.789011
1436.378411,8,245.884861
1459.761151,10,245.993947
1439.365333,13,246.129963
1430.805052,13,246.277531
1496.765117,6,246.35006
1380.259699,14,246.501302
1464.451241,10,246.627434
1390.601265,12,246.759679
1358.002915,8,246.862885
1661.122979,9,246.990586
1554.363645,11,247.116616
1500.133559,9,247.224876
1347.209949,7,247.311815
1658.198425,19,247.529428
1445.038517,13,247.681548
1478.070884,6,247.755219
1347.635364,12,247.888249
1457.530281,9,247.997578
1518.871532,10,248.116478
1485.339225,10,248.234357
1560.527169,12,248.376541
1414.552565,9,248.483
1421.373201,8,248.58156
1542.463961,10,248.695866
1383.804137,12,248.828886
1379.248481,8,248.927788
1549.31957,11,249.058201
1423.277257,10,249.176342
1457.803154,8,249.273302
1493.004956,7,249.362827
1603.613871,7,249.448701
1485.898923,9,249.578733
1440.30391,10,249.697674
1541.491193,10,249.829539
1456.004008,10,249.960551
1409.086945,10,250.09706
1518.13325,10,250.223293
1456.447728,6,250.297277
1496.593306,17,250.48228
1507.727617,6,250.57204
1422.017118,9,250.67989
1507.627619,12,250.808854
1426.885598,10,250.938249
1411.991155,10,251.052884
1550.870018,6,251.125376
1638.888212,11,251.258898
1441.909056,8,251.348248
1551.453367,9,251.462106
1452.703476,15,251.627306
1401.927477,7,251.708605
1504.680176,6,251.788721
1439.759694,7,251.869051
1418.594083,8,251.973862
1464.572599,9,252.073226
1478.694723,9,252.182303
1459.560714,6,252.273867
1414.251365,8,252.385033
1530.45407,9,252.504554
1521.216683,8,252.603372
1466.622039,10,252.732569
1467.236127,13,252.887815
1487.865503,12,253.02942
1441.104158,11,253.160242
1558.914022,6,253.236779
1477.328134,7,253.318125
1440.078856,10,253.433957
1431.089095,6,253.509093
1483.685397,9,253.615806
1413.846887,7,253.721981
1638.359215,11,253.865978
1429.443003,10,253.982563
1561.027989,6,254.061318
1516.558002,6,254.137175
1449.635409,8,254.234206
1591.438282,12,254.373577
1439.959498,10,254.489598
1484.889633,6,254.564227
1648.800557,9,254.677841
1492.461133,8,254.786167
1579.39708,10,254.909103
1427.242256,9,255.022089
1477.253056,10,255.137982
1534.002158,8,255.240946
1587.724404,7,255.335733
1416.536497,7,255.419859
1520.933809,6,255.494987
1204.45011,9,255.599203
1520.65106,10,255.727025
1293.672447,11,255.84874
1628.255554,6,255.927215
1357.556993,7,256.024108
1467.213488,8,256.116332
1426.409539,9,256.221104
1493.244071,6,256.308193
1409.683882,8,256.412164
1376.902712,9,256.528079
1522.926255,11,256.648459
1414.815011,13,256.79381
1496.551793,8,256.88933
1483.997201,11,257.019395
1484.983613,8,257.145296
1454.119973,7,257.235668
1512.047206,18,257.44164
1333.278915,7,257.524907
1464.131996,6,257.619363
1477.306993,12,257.765587
1498.119133,6,257.839417
1532.312504,6,257.910744
1407.891584,9,258.021986
1435.989066,6,258.099028
1562.389716,8,258.196684
1496.777816,6,258.27267
1468.221287,7,258.361423
1331.633935,9,258.461232
1334.808457,9,258.570218
1483.735324,6,258.649669
1366.034714,9,258.764577
1512.345261,6,258.840177
1346.71298,9,258.972237
1471.111655,9,259.084335
1454.447126,10,259.207075
1462.288705,6,259.282979
1419.555985,10,259.403568
1392.497957,7,259.509334
1515.815189,6,259.580463
1495.6692,9,259.695396
1300.308443,12,259.827615
1371.620348,9,259.935094
1369.317196,9,260.049415
1399.415179,9,260.152864
1437.60986,10,260.271546
1418.420401,11,260.420638
1332.178047,10,260.535268
1572.276112,6,260.610817
1388.004166,10,260.730886
1384.020326,9,260.829708
1513.6021,11,260.968376
1449.266349,11,261.090952
1451.797779,13,261.237072
1444.923754,10,261.361142
1431.07065,11,261.490272
1614.245388,6,261.569928
1386.807324,11,261.704913
1498.353186,6,261.779368
1478.532015,11,261.909722
1451.336848,9,262.010378
1303.346015,14,262.16476
1456.80366,10,262.284289
1427.875859,12,262.425642
1463.866354,10,262.540597
1461.777095,9,262.63706
1426.75376,9,262.761143
1349.792136,8,262.863383
1578.199827,6,262.946393
1462.555174,10,263.079498
1524.067294,7,263.161409
1389.682478,9,263.266455
1452.06881,9,263.374077
1236.106215,11,263.499622
1526.709556,6,263.571877
1438.172945,7,263.663892
1578.073379,6,263.737307
1506.996549,6,263.812414
1436.831405,6,263.891864
1400.806179,9,263.997933
1506.767982,6,264.071366
1462.504682,6,264.153141
1448.458417,9,264.266776
1510.668096,8,264.361839
1472.708528,11,264.484685
1526.124262,6,264.556075
1448.929387,6,264.639722
1446.148534,6,264.715083
1380.135096,10,264.832766
1403.927598,10,264.948071
1433.837586,6,265.028506
1504.103744,11,265.155368
1365.213328,9,265.265367
1515.417354,6,265.333083
1458.174314,9,265.443947
1465.14507,10,265.571807
1433.17638,8,265.666235
1480.098053,10,265.79723
1553.537233,6,265.86974
1612.653419,17,266.048793
1331.335731,8,266.148828
1331.071798,9,266.248623
1513.913854,6,266.33093
1411.105121,6,266.404206
1421.200981,7,266.485837
1473.258187,9,266.598284
1517.962444,9,266.704049
1541.819467,9,266.811574
1461.072497,7,266.894598
1537.48282,6,266.993971
1549.777546,7,267.096971
1527.315444,6,267.189501
1489.833292,8,267.300147
1537.129234,6,267.379747
1358.615716,9,267.493809
1476.1755,8,267.590919
1557.235365,6,267.673861
1595.023689,7,267.768309
1574.228328,9,267.880213
1565.245945,6,267.960629
1440.40258,11,268.095767
1466.188382,9,268.205486
1373.352469,9,268.325074
1420.44311,11,268.443839
1395.159475,9,268.556062
1528.754569,7,268.658373
1542.686747,6,268.740886
1429.214572,9,268.846669
1636.253115,7,268.929708
1403.841681,7,269.013568
1405.306559,8,269.109242
1458.918255,7,269.208061
1521.444533,6,269.283828
1515.243153,9,269.391632
1461.155609,6,269.466569
1449.221308,6,269.54107
1379.771128,9,269.643717
1435.563163,6,269.735753
1370.995563,10,269.849769
1475.557209,9,269.956737
1415.833674,11,270.079773
1312.49819,8,270.177155
1541.138656,6,270.255873
1402.997381,8,270.356178
1432.625878,9,270.457145
1568.128618,6,270.543102
1528.8662,11,270.66519
1505.824327,7,270.75017
1523.709174,7,270.842688
1548.733611,6,270.936163
1396.748596,8,271.029783
1513.193911,7,271.115505
1582.207682,6,271.190682
1438.441522,9,271.296713
1487.627564,11,271.420977
1423.10618,10,271.537302
1544.769118,7,271.622447
1464.391303,6,271.702346
1601.532574,6,271.785176
1515.879433,12,271.912385
1457.295859,8,272.010087
1472.653262,6,272.090894
1416.709586,7,272.162207
1502.94609,8,272.278498
1509.584738,7,272.367766
1509.291862,6,272.460798
1390.834257,6,272.53694
1493.867317,6,272.611488
1493.358038,6,272.68694
1551.433174,8,272.785743
1436.105012,6,272.860692
1487.760198,6,272.935722
1437.769307,11,273.064133
1408.707043,9,273.169161
1234.211216,9,273.279767
1494.757885,6,273.351454
1501.147979,6,273.426036
1543.615275,8,273.542698
1468.775141,6,273.619532
1380.249809,8,273.722083
1439.677265,10,273.838619
1504.689746,6,273.914976
1474.894992,6,273.987708
1469.78873,7,274.079095
1506.409466,6,274.155861
1437.415427,9,274.260982
1460.845102,8,274.350944
1440.27688,7,274.4387
1572.713906,6,274.515595
1506.90565,6,274.589372
1519.158951,6,274.660684
1517.731651,7,274.755143
1365.642812,9,274.857239
1490.282434,7,274.961971
1480.921598,8,275.053816
1544.17106,6,275.136742
1564.093602,6,275.216471
1500.73207,8,275.304458
1518.724541,6,275.38647
1497.276495,6,275.462233
1497.867382,7,275.545432
1491.182652,6,275.620966
1487.98097,6,275.713776
1490.574628,7,275.801125
1539.19965,6,275.874581
1350.103319,7,275.963973
1434.919831,6,276.037914
1428.416646,8,276.126136
1485.577406,6,276.219484
1479.87225,8,276.315133
1399.016594,8,276.411903
1379.983837,10,276.52891
1464.754331,8,276.621411
1589.234744,6,276.706744
1476.365738,6,276.780781
1445.20296,6,276.859224
1585.656309,6,276.939824
1483.10562,6,277.0191
1536.306095,6,277.098325
1578.033459,6,277.181042
1423.308835,8,277.284375
1402.066302,10,277.407235
1573.319428,6,277.507629
1547.859076,6,277.582556
1546.21712,7,277.667674
1482.571394,6,277.744705
1546.323755,8,277.845709
1541.411189,6,277.922993
1442.774668,6,278.001967
1366.26061,9,278.110811
1504.042785,8,278.206309
1564.478587,6,278.280888
1569.846804,6,278.357345
1519.443577,6,278.428435
1588.596472,6,278.508238
1515.801982,6,278.581648
1476.165891,6,278.655091
1509.258297,6,278.73929
1537.075144,6,278.817106
1473.640386,6,278.908066
1515.867104,6,278.982491
1409.106773,6,279.057491
1578.002268,6,279.129749
1534.862555,6,279.20754
1506.998445,7,279.296505
1538.553649,8,279.387038
1464.287045,6,279.464233
1561.124029,6,279.546478
1441.453364,6,279.619834
1348.839858,9,279.726443
1386.010371,9,279.830212
1450.546842,6,279.902953
1680.930075,6,279.981667
1458.318386,6,280.059638
1602.445496,6,280.143787
1440.810264,6,280.226921
1447.00532,6,280.299933
1419.20837,6,280.373053
1539.702612,6,280.443408
1368.265973,9,280.555572
1562.322226,6,280.633208
1506.540417,6,280.706739
1506.978548,6,280.773007
1414.380935,9,280.882177
1422.260271,9,280.991427
1481.190721,6,281.064864
1644.675723,6,281.145293
1470.588366,6,281.218941
1466.532588,8,281.311819
1565.863388,6,281.392236
1458.023917,6,281.456023
1580.798935,8,281.569302
1521.034007,6,281.654047
1546.324222,6,281.731033
1503.871313,6,281.8042
1527.374597,7,281.889188
1482.738112,6,281.969082
1571.61588,6,282.046048
1441.317495,6,282.118979
1509.982488,6,282.196701
1567.166922,6,282.281855
1515.65425,6,282.36294
1508.959501,12,282.495051
1456.039583,6,282.570297
1506.963006,6,282.641627
1559.855918,6,282.724844
1480.515759,6,282.79896
1477.253551,9,282.925744
1519.010567,6,283.000018
1538.551391,6,283.075714
1545.163906,6,283.153863
1561.849318,6,283.231287
1471.943573,6,283.318148
1454.808035,7,283.40039
1525.483158,6,283.476464
1458.09548,6,283.55546
1490.234944,6,283.642734
1444.564824,6,283.722932
1644.577356,6,283.80059
1654.080093,6,283.880594
1418.641031,8,283.978739
1573.603879,6,284.053285
1521.846471,6,284.142411
1472.043065,6,284.220245
1479.642707,6,284.306588
1484.98008,6,284.404449
1537.25649,6,284.512181
1509.804035,6,284.596901
1435.754868,6,284.672799
1542.880894,6,284.759901
1456.178621,6,284.831165
1441.459827,8,284.922389
1553.073755,6,285.004086
1592.25728,6,285.07623
1564.044143,6,285.212122
1487.390256,6,285.308278
1517.795613,6,285.399398
1480.283011,11,285.532352
1546.106922,6,285.603402
1577.732841,6,285.671677
1576.973112,6,285.752166
1514.977957,6,285.82131
1542.766929,6,285.90967
1534.180777,6,285.981811
1462.354178,6,286.053841
1539.611457,6,286.129682
1509.001825,9,286.235984
1495.846373,6,286.315245
1441.293974,11,286.455164
1469.845267,6,286.570688
1509.045686,6,286.648752
1539.822499,6,286.722846
1417.089183,6,286.794102
1535.641057,6,286.872577
1482.705349,6,286.954162
1485.286174,8,287.042339
1544.03676,6,287.115939
1557.396718,6,287.192998
1499.349654,8,287.28927
1599.930042,6,287.36377
1571.646156,6,287.44697
1554.870271,6,287.52045
1437.862902,6,287.603004
1445.866769,9,287.717369
1537.850994,6,287.822655
1527.679056,6,287.901965
1577.721758,6,287.985846
1551.280633,6,288.079172
1609.512846,6,288.161103
1559.72166,6,288.24855
1556.550529,6,288.32093
1424.043758,11,288.441114
1485.316602,6,288.52402
1494.900008,6,288.594594
1497.666152,6,288.667096
1483.939121,9,288.776133
1493.352497,6,288.849606
1613.556279,6,288.931841
1518.349156,6,289.005094
1473.87855,6,289.086439
1449.204431,9,289.225907
1451.032867,6,289.307553
1437.523952,6,289.382959
1550.54832,7,289.463474
1505.831821,9,289.576374
1505.372795,7,289.68329
1430.33194,8,289.786066
1511.152781,6,289.861161
1544.212888,6,289.934348
1576.766801,6,290.018976
1533.787406,6,290.086548
1473.713636,6,290.169879
1499.289579,6,290.257758
1510.80584,6,290.326896
1598.126409,6,290.408812
1477.341175,6,290.483531
1458.775834,6,290.558807
1487.593401,6,290.635019
1546.613573,6,290.709684
1574.985316,6,290.791775
1470.935058,6,290.86709
1562.523914,6,290.937743
1532.736628,9,291.051204
1565.41332,6,291.126692
1550.947157,6,291.199999
1554.421879,6,291.278733
1459.578065,6,291.359906
1525.530746,6,291.431931
1564.139634,6,291.505282
1517.262939,6,291.597341
1479.703657,6,291.675913
1549.939622,6,291.756402
1500.120644,6,291.827135
1486.432881,6,291.901105
1539.617117,6,291.974066
1537.286392,6,292.045437
1522.101117,6,292.125983
1583.481879,6,292.203917
1515.648241,9,292.315087
1508.22117,6,292.402219
1450.350312,6,292.47774
1524.132063,6,292.549096
1504.629095,6,292.623342
1483.576101,6,292.709235
1486.468407,6,292.784809
1441.551539,6,292.852166
1425.540809,6,292.952717
1466.0966,6,293.026875
1507.461682,6,293.116285
1508.445278,6,293.191409
1426.155804,6,293.267132
1539.624765,11,293.387594
1573.052341,6,293.462913
1591.10113,6,293.546067
1614.509252,6,293.622926
1451.680168,6,293.699025
1517.4341,6,293.774019
1587.460056,6,293.846693
1556.077935,6,293.928975
1475.506035,6,294.002197
1534.010616,6,294.078028
1572.696425,8,294.185289
1473.064209,6,294.26874
1541.372305,6,294.33994
1415.435761,6,294.416021
1551.911877,6,294.494947
1439.464279,6,294.582444
1473.633675,6,294.669748
1453.135609,6,294.751721
1528.553559,6,294.843828
1470.21225,6,294.926241
1543.134936,6,295.008223
1492.655148,6,295.091443
1605.158339,6,295.166984
1469.619733,6,295.261918
1597.218485,6,295.339566
1498.789807,6,295.420986
1458.274231,6,295.498307
1470.276234,6,295.568555
1439.38582,6,295.642972
1502.873621,6,295.719569
1456.832787,6,295.801855
1504.749458,8,295.899811
1527.093612,6,295.97501
1470.697521,9,296.094707
1581.706354,6,296.174939
1567.885016,6,296.258968
1522.840279,6,296.334301
1510.653472,8,296.420642
1586.533898,6,296.501242
1468.848486,6,296.588437
1585.925471,6,296.662969
1492.583581,6,296.734822
1479.342565,9,296.840546
1496.913547,6,296.915088
1430.345609,6,296.990792
1500.026721,6,297.067476
1480.92764,6,297.149527
1548.667108,6,297.223587
1382.310552,9,297.327332
1561.152971,6,297.40121
1457.781553,6,297.474217
1615.942048,6,297.544848
1573.910134,6,297.624964
1456.019101,6,297.69696
1419.738137,9,297.823042
1555.816396,6,297.897101
1552.63338,6,297.97032
1520.791958,7,298.053589
1430.08377,7,298.14105
1539.701463,6,298.221267
1492.979303,6,298.29589
1600.756438,6,298.373902
1596.592816,6,298.461672
1547.161637,6,298.535247
1458.1392,6,298.610186
1443.350827,8,298.70801
1524.79439,6,298.780743
1525.963429,6,298.850051
1582.973571,6,298.928896
1543.355414,6,299.006443
1514.57908,6,299.086371
1446.351599,6,299.160186
1421.954296,6,299.249302
1411.388497,11,299.378034
1484.07942,6,299.451503
1420.731924,6,299.553164
1432.237302,6,299.624722
1523.017205,6,299.700234
1447.455713,6,299.773988
1482.609053,6,299.846131
1525.581785,6,299.933679
1575.958665,6,300.003388
1531.813598,6,300.076506
1599.273666,6,300.151287
1388.06779,8,300.249784
1468.880149,6,300.323804
1472.11268,6,300.395371
1492.443032,6,300.469175
1465.637529,6,300.573037
1492.497005,6,300.662426
1564.084909,6,300.748596
1559.443515,6,300.822166
1501.875603,6,300.898229
1523.81794,6,300.986495
1559.539531,6,301.061884
1453.940882,8,301.150946
1546.774052,6,301.230965
1521.051976,6,301.304446
1473.869269,6,301.378219
1600.985913,9,301.484106
1463.283167,6,301.557633
1481.645573,6,301.632722
1525.666785,6,301.724943
1581.049979,6,301.804734
1505.789686,6,301.881459
1441.614699,8,301.972129
1559.258881,6,302.053943
1579.366219,6,302.126688
1534.652551,6,302.200034
1560.973745,6,302.274572
1487.349804,6,302.346281
1507.957141,6,302.428674
1435.921597,6,302.501414
1521.842594,6,302.573589
1520.917883,6,302.650677
1558.895305,6,302.722608
1491.578562,6,302.801292
1430.41033,9,302.897601
1435.21518,6,302.988893
1540.302553,6,303.063531
1541.907582,7,303.146951
1432.224536,6,303.221843
1506.81084,6,303.315868
1538.938577,6,303.385721
1450.717716,6,303.459196
1451.428575,6,303.52887
1519.216828,6,303.602258
1454.554381,6,303.682425
1513.394607,6,303.758336
1654.163199,6,303.833728
1455.10976,6,303.907589
1421.627742,8,303.999036
1528.420453,6,304.070921
1549.911908,6,304.144068
1455.492444,7,304.231794
1494.236255,6,304.305363
1549.078192,6,304.392515
1572.241607,6,304.469767
1476.932708,6,304.542058
1496.757384,6,304.626835
1477.211876,6,304.701302
1577.554586,6,304.777147
1529.458071,6,304.853844
1449.289046,6,304.923968
1531.138274,6,305.003837
1559.402811,6,305.072552
1568.760589,6,305.144124
1496.420606,7,305.224719
1500.30057,6,305.310885
1465.307505,6,305.384187
1541.034895,6,305.455469
1437.171822,6,305.522021
1560.751215,6,305.598017
1438.438769,6,305.696965
1544.536314,6,305.765435
1443.659488,6,305.847769
1477.648182,6,305.921348
1580.907039,6,305.990151
1529.324086,6,306.06893
1538.965282,6,306.142846
1465.267894,6,306.214345
1509.216407,7,306.296202
1528.105105,6,306.378692
1528.095892,6,306.455811
1422.00507,6,306.529615
1523.455216,6,306.602084
1499.785682,6,306.670098
1488.720959,6,306.758847
1474.63669,8,306.864517
1551.924393,6,306.958213
1492.322871,6,307.05254
1444.206081,8,307.157498
1422.655203,6,307.235577
1558.606821,6,307.321331
1451.403656,6,307.396942
1478.042916,6,307.473529
1583.927305,6,307.54664
1558.444641,6,307.617857
1604.729376,6,307.701763
1527.020965,6,307.773998
1563.846951,6,307.847195
1496.716043,6,307.944434
1598.000419,6,308.017669
1572.460002,6,308.100174
1524.505201,6,308.174206
1498.206793,6,308.248615
1536.134926,9,308.356978
1520.17928,6,308.430732
1404.169819,8,308.529363
1454.002558,6,308.603917
1525.685771,6,308.676739
1459.835617,6,308.748605
1427.437033,6,308.824101
1494.508351,6,308.903956
1557.551614,6,308.980625
1465.663039,6,309.05425
1588.072501,6,309.124448
1483.945961,6,309.226013
1481.597066,6,309.308035
1446.591351,6,309.385026
1531.262323,6,309.458821
1447.941442,6,309.534084
1501.194492,6,309.601991
1463.973507,6,309.690674
1433.407067,8,309.776706
1533.601867,6,309.850117
1544.048845,6,309.93573
1529.98086,6,310.020261
1482.355724,6,310.101719
1527.155018,6,310.180199
1585.023824,6,310.256713
1574.565385,6,310.338737
1427.856135,6,310.432916
1530.317963,6,310.51094
1550.046614,6,310.594991
1467.569709,6,310.669217
1402.432627,8,310.76875
1531.701419,6,310.842238
1566.288603,6,310.917732
1517.171736,6,311.00022
1495.632394,6,311.074889
1526.212389,6,311.146506
1583.753618,6,311.220894
1529.554341,6,311.293482
1551.21548,6,311.365266
1566.562303,6,311.45101
1517.44073,6,311.525742
1562.093791,6,311.595877
1570.564438,6,311.671402
1441.923727,6,311.75615
1428.552292,6,311.8273
1498.772231,6,311.915013
1538.219295,6,311.991524
1552.873937,6,312.063803
1556.746882,6,312.147226
1471.083026,6,312.217279
1596.637112,6,312.297135
1475.323793,6,312.371838
1559.068013,6,312.445126
1477.503997,6,312.523877
1460.222721,6,312.600962
1566.37928,6,312.673942
1449.717713,6,312.746279
1587.928218,6,312.820154
1552.694917,6,312.89816
1442.831454,6,312.972769
1484.635988,9,313.068848
1528.031942,6,313.149715
1522.69386,6,313.241292
1557.297726,6,313.315246
1542.220657,6,313.405293
1568.390825,6,313.505458
1574.332091,6,313.580948
1469.130635,6,313.6526
1569.819779,6,313.727259
1713.486175,6,313.803904
1524.630935,6,313.882951
1675.731465,6,313.958906
1508.773213,6,314.031458
1539.763702,7,314.111694
1577.264397,6,314.199953
1572.763942,6,314.279862
1523.972568,6,314.35685
1458.770606,6,314.447364
1533.288421,9,314.547897
1518.441065,6,314.621895
1530.362621,6,314.695141
1570.103021,6,314.772473
1604.951391,6,314.850853
1330.742731,10,314.961298
1520.371395,6,315.036364
1609.168044,6,315.109438
1522.990442,6,315.182804
1523.866574,6,315.264201
1513.237782,6,315.339036
1522.1345,6,315.414827
1566.59721,6,315.488622
1501.614454,6,315.5601
1459.558745,6,315.641111
1556.118743,6,315.726022
1482.964419,6,315.798414
1493.008748,6,315.87113
1471.098099,6,315.944729
1580.833399,6,316.017102
1504.751113,6,316.102679
1451.635075,6,316.175655
1509.150483,6,316.249241
1555.157762,6,316.322876
1559.470742,6,316.40598
1475.278211,6,316.482051
1539.692149,6,316.553029
1562.477765,6,316.625946
1505.032412,6,316.701355
1501.557128,6,316.779042
1470.575989,6,316.850077
1464.388326,6,316.924084
1520.518973,6,317.011136
1611.270519,6,317.086217
1467.338615,6,317.166875
1470.263071,6,317.238907
1505.453222,6,317.314337
1505.645022,6,317.388562
1480.356012,6,317.461212
1570.10377,6,317.5402
1506.395644,8,317.627027
1511.46996,6,317.703066
1424.404647,8,317.801722
1471.319097,6,317.873574
1535.405953,8,317.97469
1437.30101,6,318.060346
1527.471866,6,318.133631
1428.771633,6,318.206318
1571.947152,6,318.283366
1447.65737,6,318.373482
1536.722785,6,318.44419
1470.615312,6,318.517707
1439.207497,6,318.590795
1473.224592,6,318.674855
1478.701668,6,318.748986
1475.627587,6,318.819568
1524.687494,6,318.893974
1538.051974,6,318.967741
1504.0184,6,319.043416
1427.999708,9,319.14143
1557.794896,6,319.220527
1430.74115,6,319.29408
1563.841365,6,319.368659
1508.774122,8,319.465689
1452.011186,6,319.54349
1537.730494,6,319.646194
1458.032202,6,319.730139
1486.919404,6,319.820249
1465.84826,6,319.904517
1433.366515,6,319.979197
1508.833551,6,320.054776
1496.970721,6,320.133154
1450.303504,6,320.208346
1496.901784,6,320.291463
1480.930246,6,320.366999
1524.796429,6,320.439094
1562.820449,6,320.512232
1498.536312,6,320.601291
1502.903105,6,320.681857
1440.323017,6,320.753882
1487.230681,6,320.826616
1594.613765,6,320.899719
1428.796844,6,320.974523
1563.447159,6,321.056105
1511.112396,6,321.131054
1493.560739,6,321.206224
1674.937239,6,321.282988
1455.671837,6,321.357148
1564.694593,6,321.438489
1496.720744,6,321.513974
1458.146869,6,321.586014
1576.179829,6,321.66259
1488.52412,6,321.734493
1583.316363,6,321.826061
1447.614632,6,321.92318
1456.992008,6,321.992349
1452.329865,6,322.067224
1502.358443,6,322.137823
1473.618869,6,322.217869
1517.827638,6,322.29216
1440.047789,6,322.362594
1498.877357,6,322.436972
1435.374489,6,322.5104
1485.698896,6,322.592289
1483.721294,6,322.664628
1500.173568,6,322.737027
1576.936403,6,322.809805
1451.116012,6,322.88233
1518.524115,6,322.961315
1542.80769,6,323.040532
1497.238172,6,323.117099
1513.584133,6,323.184572
1517.937568,6,323.274205
1464.423677,6,323.348166
1545.530065,6,323.426583
1522.464991,6,323.50216
1484.704132,6,323.57554
1414.568418,6,323.650404
1529.061705,6,323.730687
1511.551324,6,323.800815
1450.807231,6,323.88104
1533.194019,6,323.966169
1587.18054,6,324.038954
1553.75847,6,324.119049
1542.93064,6,324.190049
1443.373354,6,324.264121
1511.764073,6,324.335481
1574.227066,6,324.409854
1536.421523,6,324.491649
1443.673009,6,324.58088
1477.310333,6,324.653574
1415.933188,6,324.725499
1535.184716,6,324.798019
1483.135278,6,324.881031
1537.379735,6,324.955542
1539.22375,6,325.024479
1501.160541,6,325.108374
1587.063578,6,325.174493
1443.599788,6,325.256787
1454.240894,6,325.329716
1494.607748,6,325.404034
1459.503657,6,325.479735
1458.168577,6,325.552562
1474.812824,6,325.643509
1488.046739,6,325.716607
1589.337683,6,325.787273
1438.365958,8,325.895977
1519.125353,6,325.972261
1562.179183,6,326.043534
1470.929009,6,326.120354
1493.155743,6,326.20968
1469.451904,6,326.298116
1453.244637,6,326.372551
1565.683416,6,326.449271
1543.127729,6,326.520293
1488.052586,6,326.596899
1480.476589,6,326.676993
1467.633632,6,326.748045
1501.08818,6,326.821389
1525.870447,6,326.892202
1511.476681,6,326.962994
1536.00867,6,327.042096
1461.372485,6,327.111645
1519.050748,6,327.201323
1497.836217,6,327.274345
1448.558602,6,327.347667
1449.290876,6,327.427845
1549.006935,6,327.498651
1511.385253,6,327.566975
1419.45199,6,327.639005
1440.230966,6,327.711286
1572.450729,6,327.79093
1587.61293,6,327.857008
1519.7309,6,327.93532
1538.34896,6,328.011495
1547.744713,6,328.085395
1459.694114,6,328.16429
1480.117156,6,328.240632
1507.568478,6,328.314706
1469.12865,6,328.390248
1584.837208,6,328.47336
1471.484601,6,328.546999
1449.021884,6,328.62945
1451.71153,6,328.701797
1532.372284,6,328.776754
1583.036227,6,328.850293
1573.380161,6,328.940756
1512.643231,6,329.017817
1528.643014,6,329.088887
1508.010154,6,329.166037
1588.457922,6,329.241418
1487.623711,6,329.313374
1457.559747,6,329.391194
1544.541679,6,329.464116
1537.680918,6,329.541547
1475.807611,6,329.629096
1543.543653,6,329.739366
1483.526265,6,329.816018
1550.541255,6,329.890164
1479.803957,6,329.960054
1565.924596,6,330.032742
1513.259434,6,330.112949
1546.195403,6,330.189117
1483.619442,6,330.256927
1493.226232,6,330.335872
1438.057445,6,330.41219
1547.639314,6,330.495906
1466.968597,6,330.568281
1590.163398,6,330.643637
1599.710249,6,330.715068
1425.678042,6,330.78695
1510.877841,7,330.880371
1464.248328,6,330.957916
1490.565476,6,331.033709
1558.305422,6,331.124038
1513.789956,6,331.203511
1528.261403,6,331.274165
1470.17922,6,331.347692
1568.430799,6,331.430827
1494.021503,6,331.504091
1537.948908,6,331.578727
1496.400065,6,331.658779
1542.123745,6,331.730265
1415.253266,6,331.804966
1531.443291,6,331.879097
1527.141616,6,331.96618
1545.262709,6,332.041389
1446.281876,6,332.112969
1556.71254,6,332.184899
1579.033652,6,332.261487
1461.073983,6,332.340356
1555.997579,6,332.433954
1501.501162,6,332.520728
1469.080924,6,332.613425
1455.475524,6,332.699306
1541.051719,6,332.788648
1545.104568,6,332.866129
1536.693035,6,332.940307
1529.565492,6,333.012928
1565.598354,6,333.088675
1563.014458,6,333.176744
1501.778454,6,333.250149
1448.310196,6,333.323256
1544.336678,6,333.395997
1596.956333,6,333.471828
1587.799072,6,333.553135
1525.443609,6,333.651126
1563.405953,6,333.727534
1552.199493,6,333.801723
1456.708583,6,333.879796
1574.495346,6,333.958148
1524.99866,6,334.032445
1573.237716,6,334.105963
1446.180544,6,334.179517
1491.398888,6,334.255427
1539.886616,6,334.339553
1491.519387,6,334.412719
1468.681214,9,334.512419
1536.032845,6,334.596972
1513.759209,6,334.674654
1437.97814,6,334.748819
1563.684938,6,334.824992
1466.234622,6,334.907838
1450.324137,6,334.993863
1475.846653,6,335.065869
1584.009433,6,335.142765
1481.479892,6,335.215144
1564.216868,6,335.294933
1467.215124,8,335.382555
1466.298986,6,335.455134
1494.843296,6,335.536652
1510.617486,6,335.607305
1407.072753,6,335.684529
1589.864637,6,335.758894
1436.235917,7,335.844915
1468.995916,6,335.919505
1529.126009,6,335.996725
1525.809699,6,336.07086
1505.926698,6,336.143973
1433.075672,6,336.221231
1586.80996,6,336.314626
1566.508455,6,336.386175
1470.69153,6,336.470206
1589.061656,6,336.54687
1521.706633,6,336.626917
1507.815726,6,336.703198
1450.093628,6,336.776837
1587.787727,6,336.848658
1577.729216,6,336.924853
1545.0255,6,337.006441
1416.392186,6,337.078734
1380.119364,9,337.180575
1396.692286,7,337.264678
1480.854712,6,337.341919
1494.975579,6,337.416785
1535.979533,6,337.498202
1582.567558,6,337.589961
1573.58563,6,337.66442
1464.932739,6,337.737644
1511.281039,6,337.809859
1506.118116,8,337.91327
1520.485962,6,337.983135
1443.065016,6,338.057596
1515.92071,6,338.137569
1478.728289,6,338.208524
1541.735587,6,338.282262
1585.321321,6,338.353541
1507.388729,6,338.424135
1447.085751,6,338.500525
1493.321803,6,338.57434
1522.673978,6,338.646661
1452.192253,7,338.723337
1562.277246,6,338.810256
1583.689874,6,338.88677
1486.981199,6,338.984805
1527.873909,6,339.076625
1480.076474,6,339.147328
1606.11569,6,339.230411
1524.566315,6,339.301404
1509.520483,6,339.376174
1437.68891,6,339.448237
1561.032251,6,339.518775
1525.376128,6,339.606188
1560.994738,6,339.682831
1505.274976,6,339.756545
1505.358674,6,339.829069
1584.882622,6,339.901989
1463.572106,6,340.000627
1389.70903,7,340.083312
1457.571957,6,340.159101
1535.946722,6,340.239244
1503.183482,6,340.324871
1514.670062,6,340.39968
1446.502111,6,340.469345
1588.739827,6,340.542187
1581.280769,6,340.619685
1504.691153,6,340.699193
1588.846989,6,340.771043
1449.973165,6,340.844522
1576.234164,6,340.913818
1501.487428,6,340.986551
1532.278842,6,341.059651
1548.052548,6,341.135882
1523.216121,6,341.215441
1477.44592,6,341.299037
1510.224678,6,341.371764
1553.589122,6,341.453832
1454.154146,6,341.525756
1502.686911,6,341.598448
1422.145375,6,341.672973
1586.248372,6,341.748794
1544.466445,6,341.830864
1491.307543,6,341.903855
1552.654938,6,341.979837
1554.305074,6,342.054615
1421.304581,6,342.129119
1460.398181,6,342.210027
1513.08287,6,342.281828
1479.687217,6,342.352659
1583.000677,6,342.429669
1558.070158,6,342.502566
1438.022609,6,342.583937
1432.890416,6,342.678039
1525.12567,6,342.754513
1459.455855,8,342.854897
1396.279007,7,342.938922
1557.968375,6,343.010561
1471.280982,6,343.085829
1492.468876,6,343.158807
1493.181676,6,343.237911
1483.708425,8,343.326869
1498.741394,6,343.408193
1584.972836,6,343.485423
1455.104812,6,343.559079
1571.467612,6,343.630865
1498.437397,6,343.70544
1425.683674,8,343.798883
1566.2784,6,343.875883
1556.04087,6,343.949243
1546.429878,6,344.051763
1465.494996,6,344.138694
1532.710593,6,344.216986
1509.6876,6,344.284892
1489.27094,6,344.360866
1577.225593,6,344.446442
1527.856889,6,344.520966
1484.793037,6,344.594032
1434.316485,6,344.667185
1431.781212,8,344.761705
1480.391406,6,344.833767
1541.672605,6,344.909874
1499.481057,6,344.98202
1481.963541,6,345.062579
1547.377148,6,345.13814
1437.153327,6,345.208008
1570.765104,6,345.287729
1524.55276,6,345.41952
1561.735876,6,345.522942
1548.224354,6,345.613228
1514.179727,6,345.693573
1545.9725,6,345.766364
1515.683843,8,345.863403
1501.548651,6,345.938128
1531.720127,6,346.011937
1526.489929,6,346.084765
1539.100922,6,346.163237
1566.128152,6,346.235815
1620.887509,6,346.31081
1497.216255,6,346.384216
1560.627695,6,346.473611
1481.65683,6,346.556896
1454.486546,8,346.642447
1476.053052,6,346.718614
1438.292588,6,346.799225
1535.200612,6,346.871685
1511.456556,6,346.946131
1514.596038,6,347.01981
1562.983619,6,347.093407
1536.153065,6,347.17459
1453.483394,6,347.243938
1473.758941,6,347.317561
1562.687454,6,347.390936
1467.603948,6,347.461746
1523.411697,7,347.549551
1515.529436,6,347.625038
1473.955964,6,347.722978
1524.704998,6,347.801874
1569.177493,6,347.888365
1526.051832,6,347.975441
1514.55006,6,348.055955
1546.04451,6,348.131894
1496.440024,6,348.203953
1519.955584,6,348.283646
1481.064945,6,348.359663
1529.620072,6,348.431307
1505.024012,6,348.502932
1578.711157,6,348.580106
1550.05383,6,348.663595
1541.82371,6,348.74603
1524.443927,6,348.82247
1560.70031,6,348.929682
1598.05094,6,349.014403
1561.739452,6,349.100475
1562.280215,6,349.166492
1583.612972,6,349.245814
1598.03244,6,349.31689
1393.143612,7,349.402828
1460.589788,6,349.474718
1524.671769,6,349.544809
1542.02202,6,349.620416
1481.592275,6,349.695278
1541.69023,6,349.774488
1580.945763,6,349.848864
1506.872579,6,349.923908
1511.056179,6,349.995579
1488.468463,6,350.069918
1551.208701,6,350.148766
1522.303652,6,350.223934
1442.825084,6,350.295767
1447.316949,6,350.382966
1601.368234,6,350.46011
1470.16947,6,350.54025
1429.589045,6,350.612853
1571.500528,6,350.693156
1522.515275,6,350.765031
1567.209561,6,350.840135
1557.023381,7,350.928998
1536.250544,6,350.999521
1568.485616,6,351.07463
1531.028529,6,351.147768
1460.466654,6,351.230541
1379.880995,10,351.341662
1564.427405,6,351.414827
1552.668273,6,351.489352
1534.082747,6,351.559559
1481.66605,6,351.635024
1504.332394,6,351.732579
1385.509838,8,351.848953
1509.398816,6,351.939341
1535.742559,6,352.020999
1489.750848,6,352.098725
1504.852074,6,352.171158
1521.582842,6,352.245569
1483.463026,7,352.333401
1498.011486,6,352.41216
1555.651398,6,352.486753
1433.911434,7,352.56578
1493.959278,6,352.651319
1523.282998,7,352.73215
1462.297467,7,352.834705
1616.20083,6,352.91558
1559.261213,6,352.985989
1494.617804,6,353.060464
1568.041938,6,353.133238
1467.35027,6,353.2063
1573.948881,6,353.287865
1518.237529,6,353.356954
1554.986058,6,353.432168
1525.122613,6,353.501064
1514.977113,6,353.579466
1482.604844,6,353.657289
1504.262681,6,353.733141
1487.467902,8,353.827926
1468.242284,6,353.908221
1463.334207,6,353.981841
1516.868487,6,354.081883
1494.731174,8,354.171036
1494.019449,6,354.250731
1519.875948,6,354.3253
1536.252825,6,354.404099
1598.672474,6,354.48112
1516.496804,6,354.560142
1517.347344,6,354.633411
1475.388318,6,354.708699
1579.295323,6,354.779788
1437.327111,8,354.878176
1486.335983,6,354.951579
1546.856691,6,355.024377
1583.020325,6,355.101051
1500.862121,8,355.195956
1492.857565,6,355.268499
1568.65457,6,355.340407
1472.758371,6,355.431091
1530.206121,6,355.507495
1542.539722,6,355.577264
1549.991706,6,355.648974
1547.119122,6,355.737123
1468.742131,6,355.815623
1543.378909,6,355.890166
1512.803876,6,355.961498
1441.306985,7,356.036596
1532.21722,6,356.116796
1554.002612,6,356.187767
1500.932212,6,356.260484
1543.514305,6,356.334617
1568.040823,6,356.405829
1459.607677,6,356.486217
1523.3688,6,356.561019
1534.956048,6,356.635526
1552.918071,6,356.71128
1484.88073,6,356.78066
1538.630652,8,356.899693
1522.837313,6,356.973587
