#{"t_start": 1742888363.1492255, "env_id": "None"}
r,l,t
765.731702,11,1.207585
856.665097,14,1.320339
743.524855,7,1.380352
1064.335474,25,1.598296
666.60474,16,1.723324
761.100613,18,1.865356
634.688114,9,1.940373
1329.409482,32,2.233431
838.664188,17,2.385904
694.921902,10,2.471932
932.230293,11,2.573333
608.290543,16,2.703362
899.146383,13,2.815386
977.312829,16,2.95983
883.886466,15,3.088859
705.992375,12,3.184882
781.449219,21,3.371511
691.677065,13,3.485536
749.667628,6,3.54655
981.677265,26,3.765564
840.223269,14,3.881591
946.563111,10,3.972613
785.324007,13,4.084636
688.328186,13,4.181658
726.220385,15,4.291682
719.675962,14,4.410271
805.92422,8,4.482285
870.260414,12,4.585308
856.055552,7,4.651325
570.913748,10,4.739023
864.072132,11,4.838046
880.288561,12,4.94507
819.616981,12,5.050334
1081.778398,18,5.208247
784.738713,11,5.293267
861.092599,13,5.406292
855.99081,21,5.582921
555.75199,16,5.703814
647.705723,17,5.839843
821.837404,22,6.013883
828.835435,14,6.151364
771.380009,9,6.232953
804.503867,11,6.328526
747.076329,13,6.43806
845.466085,32,6.682153
655.068979,14,6.793178
645.184833,7,6.842188
910.400102,13,6.954214
1037.40875,17,7.101246
721.520672,8,7.169329
974.921364,14,7.296358
695.837123,6,7.34337
579.983793,7,7.39438
1436.657985,23,7.605873
889.424291,6,7.670888
861.736486,14,7.79512
617.595625,12,7.889142
927.507089,4,7.92315
717.091887,12,8.020723
1023.442723,37,8.299786
891.940989,18,8.440897
1056.006999,17,8.588933
656.524673,9,8.655948
570.852926,12,8.746148
574.810405,12,8.836169
741.544106,25,9.029031
721.60277,17,9.168077
766.139242,23,9.353635
648.028314,10,9.438655
859.427443,5,9.481665
776.682455,9,9.554904
805.257043,5,9.596912
775.314776,11,9.686934
641.610039,7,9.740946
763.188205,9,9.821964
1098.248607,16,9.965028
877.843126,10,10.067588
747.946634,15,10.184614
552.550886,10,10.263632
667.684936,24,10.439235
908.125,17,10.587267
511.561412,11,10.670286
685.726434,16,10.801316
701.865837,14,10.932824
652.978647,17,11.068255
782.183506,12,11.169682
761.257011,6,11.231292
673.047059,10,11.316312
579.484703,13,11.420335
1107.931428,39,11.734493
822.2702,11,11.831514
887.0182,10,11.923535
1109.501376,22,12.108577
691.296631,12,12.204598
724.693185,7,12.266611
861.136764,13,12.397369
812.076353,19,12.56347
758.549906,11,12.650491
929.10715,7,12.717429
920.315812,15,12.841457
809.784457,15,12.958484
966.445629,15,13.094622
804.546102,5,13.137631
988.143377,15,13.280578
850.414567,12,13.394457
932.249891,8,13.481477
819.935602,12,13.597581
631.689535,7,13.650592
952.415404,16,13.811444
951.92922,16,13.975535
1103.06177,18,14.136001
844.984134,22,14.316041
1401.556561,22,14.510116
697.59785,12,14.612139
617.581535,9,14.687155
725.967262,20,14.848191
748.031364,7,14.903686
871.130238,26,15.11901
701.16352,26,15.339059
885.704499,24,15.542954
767.980113,14,15.66644
674.232287,9,15.740436
775.491165,6,15.7944
744.827147,21,15.971669
854.901701,7,16.036683
777.428388,12,16.144264
570.629328,19,16.302943
798.303972,20,16.464532
908.013222,19,16.619568
736.146215,8,16.689582
795.294452,25,16.884666
875.785347,15,17.025312
812.94069,12,17.128902
778.729632,7,17.189915
674.168914,15,17.318945
785.171096,6,17.370957
902.003085,4,17.406965
639.73808,14,17.517163
1008.105983,35,17.787781
978.146515,20,17.958819
603.527076,14,18.064842
867.909118,12,18.162975
603.755642,11,18.247994
1130.2139,21,20.549108
619.168573,8,20.615984
783.425584,13,20.7336
773.225564,11,20.823376
926.388643,15,20.944073
798.684709,9,21.023327
1160.503969,22,21.223729
704.230161,8,21.295259
850.906965,10,21.381527
711.231896,11,21.474207
752.719269,13,21.581319
1275.323207,21,21.768634
854.138946,11,21.865788
881.881572,8,21.944679
777.187293,11,22.049142
915.768188,19,22.214345
837.942166,13,22.32585
856.735006,6,22.379117
952.902488,10,22.469992
612.454086,19,22.613152
1049.087179,15,22.749463
964.810947,13,22.866075
698.516842,14,22.974713
678.842744,23,23.152663
778.87606,14,23.260319
638.863316,10,23.3484
692.651495,20,23.507931
670.256616,8,23.57251
902.181739,6,23.627551
1394.26247,29,23.882451
821.830455,18,24.034267
868.561475,18,24.185325
778.661985,14,24.290955
755.142125,11,24.373536
826.491473,14,24.485941
909.74982,15,24.617296
666.96232,10,24.695817
967.197213,34,24.985791
731.843821,13,25.096653
952.74219,27,25.326819
1111.861491,18,25.482872
681.860895,11,25.575794
771.066086,13,25.685675
1037.61301,14,25.823741
711.146152,8,25.893405
682.274121,14,26.00196
912.312735,8,26.075169
637.095213,11,26.16499
717.425693,15,26.27667
703.917911,13,26.394232
835.589872,11,26.489286
928.130373,22,26.675435
801.820754,7,26.733481
788.197741,24,26.919377
818.035264,14,27.028573
906.384197,7,27.090969
1105.88796,25,27.296155
1259.103479,24,27.511509
811.509844,15,27.631538
822.807817,22,27.815415
1097.85857,3,27.848072
541.303703,9,27.923921
812.876483,9,28.00734
894.017563,20,28.179449
691.858631,7,28.24056
978.038643,16,28.393418
657.965746,8,28.46029
1035.738808,15,28.595503
628.26454,15,28.705019
829.022344,8,28.776102
803.197109,15,28.903157
800.62366,5,28.944462
663.108667,16,29.063873
963.50857,14,29.199177
1022.783228,26,29.421568
971.416028,12,29.529438
1055.719107,17,29.685511
1030.671334,22,29.870322
786.647059,12,29.971318
601.094102,15,30.084958
676.185338,6,30.127218
706.033824,7,30.180196
766.065311,10,30.264579
617.730959,22,30.427094
794.259304,19,30.575072
774.986714,8,30.639639
748.38369,20,30.802919
820.466273,9,30.89453
680.443404,13,31.007276
1332.748411,23,31.222047
1004.389799,16,31.366984
623.772798,13,31.466854
1251.985377,19,31.644566
918.25591,19,31.794362
648.298255,19,31.938316
784.995986,21,32.09637
660.184276,8,32.161951
875.526455,16,32.304433
762.780605,13,32.409938
790.945658,8,32.482468
605.9298,20,32.636943
752.466474,11,32.729331
921.914259,23,32.919509
843.513523,12,33.02124
804.607336,5,33.063687
679.205411,18,33.199533
792.883726,14,33.314634
751.984398,24,33.492836
631.599505,18,33.625203
637.973923,10,33.703323
539.386264,11,33.802305
842.065321,7,33.86838
683.622204,9,33.944556
927.705202,13,34.073995
925.618253,13,34.184651
581.992662,14,34.292338
746.115268,9,34.368285
1176.165527,40,34.678882
892.729959,11,34.773824
796.578886,16,34.907128
830.345903,17,35.045365
480.549629,14,35.152836
844.902655,13,35.258916
1479.867728,31,35.555876
1252.756062,20,35.731743
629.706085,18,35.873344
950.344208,16,36.015115
561.461256,9,36.077131
728.137896,9,36.149526
683.514002,17,36.294915
751.966432,10,36.382881
709.670396,16,36.516072
658.578843,7,36.574136
854.794121,13,36.694728
887.403961,12,36.813636
719.500193,9,36.898167
839.745389,7,36.961461
858.310588,20,37.140641
770.054467,9,37.222893
730.815694,6,37.270174
964.138913,13,37.385436
813.578282,6,37.442508
784.477695,9,37.518696
898.157118,14,37.640362
664.438137,12,37.73949
835.105947,17,40.036428
1049.976633,16,40.191465
665.612671,12,40.287486
778.683955,7,40.342642
760.964083,16,40.491917
657.29264,7,40.552929
841.258262,14,40.677913
646.917457,9,40.754859
894.442833,11,40.858882
1450.5642,18,41.039474
767.725031,9,41.11149
800.447925,14,41.229245
593.938804,14,41.335665
712.947085,20,41.56133
873.629995,10,41.667288
646.886545,14,41.777313
650.109703,12,41.8798
1194.970659,29,42.142839
906.976012,20,42.313298
848.85315,17,42.460817
659.851807,15,42.572907
650.704052,8,42.641922
882.34324,8,42.72194
751.57637,17,42.868973
883.858394,17,43.018569
743.161263,8,43.091586
901.07987,22,43.276042
586.428488,19,43.421567
718.427467,13,43.54565
738.48129,6,43.593662
590.371848,10,43.670679
823.6451,26,43.870745
704.462641,11,43.958084
837.53913,14,44.07611
465.200626,14,44.175133
732.633506,14,44.283407
903.186888,7,44.346678
770.540568,11,44.434697
981.376204,13,44.552268
815.508168,19,44.708131
745.364265,23,44.88917
874.180333,6,44.956187
843.117015,20,45.133024
891.660646,17,45.278058
830.072841,5,45.320067
767.386614,27,45.524113
808.29676,8,45.593407
1133.505988,15,45.73844
1019.351478,31,45.994496
877.222882,9,46.075514
948.200339,14,46.204707
782.864799,15,46.320733
767.225516,11,46.427305
900.625425,10,46.520874
785.182444,21,46.709483
945.268243,10,46.811469
721.85795,18,46.967005
987.695454,12,47.087032
957.911016,44,47.439562
839.503058,13,47.568845
768.524766,13,47.689049
969.78225,9,47.769421
983.284748,13,47.900072
657.209947,10,47.984413
811.008774,6,48.044698
1182.436145,3,48.0745
852.073987,8,48.157131
939.509662,15,48.287028
741.026418,5,48.331083
1201.353465,24,48.537257
1413.702952,29,48.811259
720.225477,16,48.940257
716.074449,13,49.043061
812.768577,9,49.122034
1198.782558,18,49.297924
690.004552,17,49.450724
768.253907,16,49.588699
867.302948,7,49.655961
728.402967,9,49.734881
539.436464,14,49.839879
756.144135,16,49.981868
766.41226,20,50.135397
1281.31041,29,50.384923
939.382945,17,50.540636
955.266676,21,50.729838
1018.348998,13,50.854248
799.713026,22,51.040955
863.537526,8,51.119857
855.202256,22,51.319927
975.259909,38,51.625049
571.590585,9,51.693027
925.611897,13,51.81458
702.163111,9,51.88923
624.470203,11,51.973959
925.749344,12,52.089612
935.022916,12,52.209506
747.909983,12,52.312452
818.67492,12,52.414562
864.251546,6,52.475509
663.123907,16,52.604784
775.131547,9,52.689303
1125.686635,33,52.968915
1042.004162,34,53.246006
671.72179,9,53.316052
997.601674,9,53.401322
876.356198,13,53.51224
664.77599,21,53.679497
849.704502,16,53.830053
690.724068,18,53.96841
641.678249,12,54.061093
1164.991822,19,54.250211
923.459545,11,54.353046
875.45805,12,54.465423
873.207837,25,54.656476
783.897148,6,54.712878
685.060666,14,54.829135
699.53423,11,54.915941
867.468997,20,55.08314
729.793204,7,55.145321
1101.056237,23,55.345706
740.605313,13,55.451915
700.967036,10,55.529153
828.281469,13,55.651715
937.078846,9,55.743895
590.271707,9,55.813205
746.531087,7,55.871181
841.020596,24,56.071476
897.259021,11,56.172394
820.542346,8,56.24683
760.908494,25,56.433833
981.707535,16,56.577403
931.389783,17,56.714882
736.274397,8,56.783717
1023.036041,12,56.902454
544.5296,9,56.97224
940.082442,15,57.109301
1203.171376,14,57.249048
756.27106,12,57.379242
737.956304,10,57.463037
587.318709,15,57.583902
793.297182,9,57.667398
632.533978,9,57.739619
1040.968069,22,60.114079
696.453977,20,60.289983
1022.519711,19,60.477828
664.292478,28,60.72684
739.358031,13,60.83777
576.898859,14,60.966315
588.197812,11,61.049446
911.717319,30,61.292886
791.123514,24,61.498687
1008.741887,16,61.650603
826.61401,10,61.751967
774.977471,13,61.87822
815.541095,11,61.971778
844.474876,27,62.197309
736.144356,25,62.409552
855.87389,7,62.489307
649.684999,28,62.712635
1352.856601,23,62.934391
1028.922242,24,63.153013
803.926876,18,63.303256
756.577117,21,63.477392
575.552487,12,63.573136
939.558984,4,63.612063
638.023835,11,63.698756
580.43047,11,63.794833
600.672326,8,63.863368
975.844623,13,64.003319
1014.640729,16,64.157805
781.135839,17,64.312238
807.144046,9,64.403177
749.257502,11,64.510778
756.017064,25,64.737057
797.823245,7,64.80349
840.140915,18,64.969898
652.610222,16,65.105678
739.64594,20,65.283333
741.241003,8,65.358932
849.338298,24,65.582054
962.644796,10,65.683007
776.355721,13,65.803628
612.935451,16,65.979608
1115.718032,24,66.214285
706.911424,20,66.388412
1065.533266,18,66.572645
842.917281,14,66.691469
746.083605,16,66.83104
630.18454,9,66.902473
886.885085,13,67.020143
781.174932,7,67.088869
682.222115,9,67.173208
849.278812,18,67.343512
693.202567,9,67.423064
890.662617,20,67.608244
568.575475,11,67.700374
870.815233,17,67.86791
683.121136,12,67.976223
1053.523126,20,68.170105
775.05218,21,68.369399
963.985329,24,68.597666
1005.235075,18,68.785107
822.863431,11,68.896074
769.330306,17,69.063042
1215.80588,29,69.337751
919.10014,17,69.500917
1274.276659,26,69.745743
765.423191,7,69.811227
847.416896,11,69.913913
837.058521,13,70.038034
1189.572692,36,70.381409
688.299195,20,70.560561
845.059171,23,70.760544
1296.036259,22,70.974412
691.557817,7,71.032377
765.010669,15,71.158658
941.444384,26,71.386718
812.193032,16,71.523518
930.649101,18,71.696166
870.79938,19,71.870005
1056.139596,22,72.077236
701.563137,15,72.20861
1030.386005,19,72.390989
882.689504,17,72.546067
729.837587,9,72.626695
730.240785,20,72.792579
860.726336,5,72.842208
911.905025,11,72.950484
657.400927,22,73.121627
724.353514,12,73.22306
869.635818,9,73.312949
681.236256,18,73.472321
707.054929,13,73.602985
671.629028,27,73.825984
571.811294,16,73.950552
704.778094,12,74.061501
693.469994,13,74.179348
739.115617,12,74.285088
1194.059491,26,74.533864
872.541394,14,74.675714
501.819636,14,74.789006
844.446382,10,74.884979
684.292596,11,74.992206
1073.987677,17,75.173381
680.093156,10,75.255989
798.353272,27,75.487232
910.462188,22,75.692853
629.705077,9,75.772552
984.908495,15,75.918839
860.723019,4,75.955154
836.004011,10,76.049066
782.554986,12,76.156733
723.67643,21,76.339421
719.471986,10,76.426039
1077.722507,10,76.529605
689.071015,8,76.608163
619.532689,15,76.754383
730.527951,8,76.823666
802.078545,11,76.914814
838.523563,15,77.05089
1026.220584,14,77.180558
899.586118,18,77.354376
968.92211,14,77.485645
918.713607,7,77.554661
842.666704,9,77.6393
1007.567233,20,77.817846
769.687306,18,77.971068
808.89287,9,78.058479
1159.017784,20,78.266764
833.551815,6,78.329435
737.185348,15,78.457822
649.840594,18,78.605267
955.382562,15,81.0527
787.656139,7,81.123716
761.748993,11,81.223273
808.977651,11,81.318925
772.332989,7,81.38394
862.86144,13,81.503561
600.878379,8,81.569575
971.418027,27,81.795514
1130.782932,15,81.942186
925.054879,29,82.205747
712.219197,11,82.305776
782.991294,10,82.395708
667.712509,13,82.504648
839.450748,7,82.576283
696.578145,15,82.70198
720.410542,19,82.865238
694.687956,8,82.934716
681.338836,11,83.016233
628.656513,13,83.112469
600.807249,17,83.241748
943.822417,10,83.34678
728.403736,12,83.46268
767.699695,10,83.561287
872.841195,12,83.664958
629.855038,30,83.894529
1339.140782,23,84.107059
819.57373,11,84.207079
847.673094,14,84.334408
759.453446,17,84.478686
931.050153,22,84.664425
1016.807753,18,84.819498
724.893121,16,84.963618
849.815388,15,85.113688
1142.953092,30,85.379178
693.541576,10,85.467305
847.0574,16,85.614386
1211.946516,17,85.773183
623.745119,10,85.858511
912.025809,18,86.02012
802.790669,25,86.237089
831.286231,21,86.410671
813.456804,9,86.494181
687.473178,13,86.615052
824.085639,14,86.759194
804.920867,14,86.895999
890.163224,29,87.139426
794.761286,13,87.258795
832.470746,22,87.451952
713.299824,17,87.588239
908.066795,25,87.807969
863.069123,27,88.028378
772.25646,10,88.1201
580.460061,13,88.235633
601.522622,17,88.38042
700.082817,12,88.488056
695.259394,6,88.539869
1347.879226,15,88.70974
662.282441,12,88.80243
918.351609,4,88.84108
1027.897905,12,88.955137
752.464574,13,89.071375
841.995725,10,89.168692
886.817521,23,89.378472
808.070524,10,89.47227
1362.063183,26,89.741031
732.382776,9,89.817815
731.398938,19,89.975994
1120.210954,26,90.203022
734.075219,14,90.320359
797.235171,5,90.366388
803.563638,9,90.447927
881.268466,10,90.543287
749.260774,7,90.611223
767.609036,16,90.755803
795.983129,17,90.905596
755.66134,10,90.988693
657.018907,9,91.065328
1124.244759,15,91.224331
732.18082,14,91.346408
857.605953,9,91.436912
721.255106,21,91.615194
924.816232,20,91.784789
599.641326,15,91.904418
767.737901,10,91.98969
961.687545,16,92.143515
1069.949479,20,92.336592
539.65074,14,92.450329
669.567853,10,92.544499
1229.632654,24,92.771803
833.661613,19,92.939458
803.039498,16,93.082344
732.486758,6,93.135598
789.402808,13,93.239629
607.382358,18,93.379356
661.63818,14,93.542148
816.911866,10,93.633201
867.034159,10,93.738241
939.73069,20,93.920376
614.689655,11,94.006902
812.434733,13,94.130781
627.130303,9,94.205679
961.94215,16,94.367834
1106.864163,20,94.552559
939.640549,28,94.800616
705.799722,11,94.893828
851.783217,5,94.938061
768.47726,15,95.062846
1128.983306,14,95.216093
621.724357,9,95.292572
888.370022,8,95.367101
727.048815,29,95.597202
850.524018,15,95.721863
928.568812,13,95.854234
734.247418,12,95.957693
828.823277,11,96.061724
897.296951,12,96.175408
1065.871356,18,96.33321
888.647056,8,96.407994
793.559617,13,96.52527
654.711574,14,96.641199
848.782733,13,96.756791
770.135993,10,96.851195
773.901325,5,96.891172
1000.914031,17,97.043045
859.205235,17,97.192531
916.364604,7,97.262365
763.418331,8,97.335882
869.933474,31,97.611524
676.296125,13,97.71809
1306.324977,27,97.971086
613.661418,13,98.080797
729.959955,18,98.231682
940.847445,14,98.36825
931.190559,15,98.517557
782.163284,8,98.587398
853.865103,12,98.700807
964.634585,15,98.835765
703.929166,11,98.941011
710.035953,10,99.029029
864.835536,18,99.198916
1088.8849,13,101.630771
573.737455,10,101.71279
1066.476382,30,101.979949
640.328272,13,102.086972
878.507042,13,102.194809
863.023613,11,102.296831
682.436211,21,102.469078
757.362101,13,102.588106
800.18218,15,102.730918
913.731144,18,102.892159
774.514045,5,102.935022
841.724399,13,103.052306
650.7175,8,103.116321
859.368447,5,103.16233
929.410276,14,103.28926
769.495013,11,103.386144
704.55571,12,103.488714
836.429582,7,103.554264
607.790242,16,103.678942
1626.719508,24,103.909292
846.476356,12,104.030554
629.076558,8,104.100816
672.397335,11,104.199838
942.37709,18,104.36624
840.714892,11,104.467261
913.009584,17,104.605172
801.725103,16,104.736746
1089.028092,29,104.979896
886.768601,13,105.096226
925.332221,16,105.243437
660.054384,8,105.30545
754.616882,15,105.439769
842.732124,13,105.550261
951.056659,10,105.649084
845.709293,15,105.794626
1056.662182,22,105.990909
785.816324,24,106.203028
591.635609,14,106.314423
711.896283,7,106.372046
653.525156,11,106.462209
745.786946,10,106.551838
865.733225,8,106.627465
824.146993,13,106.746683
666.632427,14,106.908261
714.813345,11,107.01899
844.050609,9,107.102052
1148.38312,19,107.306779
794.734784,23,107.505221
1050.014507,13,107.633087
913.901271,9,107.714735
808.253041,11,107.814638
1160.228579,27,108.062278
975.582535,10,108.152415
865.684519,4,108.190106
664.052414,7,108.248119
739.837712,7,108.306828
1062.020781,16,108.459687
671.748363,12,108.564907
646.166179,7,108.63036
902.251344,21,108.828978
532.75355,11,108.913576
1221.937432,24,109.134213
932.335693,21,109.316399
806.699373,6,109.372552
894.333256,16,109.515036
1031.705283,13,109.653307
682.167087,13,109.761497
713.904822,7,109.825933
735.93471,16,109.966296
831.162213,7,110.026041
938.82273,27,110.276259
825.818057,13,110.38927
622.863061,12,110.493377
721.443919,8,110.563565
767.142956,6,110.61821
719.346806,10,110.704977
821.147424,17,110.856356
1039.060839,19,111.019653
888.607302,18,111.181574
653.347656,9,111.25338
737.74644,8,111.324831
843.300551,14,111.449149
753.582578,15,111.572834
816.931816,7,111.633325
947.081759,19,111.821308
799.009559,16,111.961531
827.561085,15,112.087806
779.013102,20,112.254132
594.006943,14,112.370715
899.398347,4,112.405643
823.315559,16,112.5517
1097.134968,15,112.696906
1175.068058,26,112.939694
952.477666,13,113.07352
1178.233579,25,113.301137
1100.598038,12,113.426649
678.753746,18,113.577318
910.783133,22,113.775339
1168.956321,20,113.969077
746.398381,23,114.163166
914.481562,11,114.274079
821.829011,10,114.376978
802.864084,13,114.489241
922.380728,16,114.629615
772.523442,13,114.7551
1052.544532,16,114.926649
696.574077,9,115.005059
797.34038,6,115.054105
672.535563,7,115.112895
778.197982,18,115.263078
869.144285,12,115.374077
906.647192,18,115.526081
1514.675232,43,115.902694
653.780682,8,115.977851
683.303251,9,116.052143
783.365183,8,116.125419
621.288264,7,116.180761
659.927211,8,116.240407
873.438998,9,116.325314
551.864739,13,116.433386
812.32116,11,116.54408
762.406696,16,116.678438
851.684097,11,116.780237
788.311068,11,116.891144
951.703042,24,117.105438
690.652264,18,117.250046
1038.420687,17,117.401361
960.609719,18,117.566221
727.617659,13,117.681192
861.431539,13,117.797761
824.531653,15,117.944448
1298.221782,26,118.191072
733.933507,13,118.311593
785.162819,26,118.52836
823.038336,10,118.629856
749.624174,13,118.742108
961.480718,24,118.940755
749.482719,10,119.030109
823.370412,13,119.172767
809.995363,18,119.375397
1214.308021,14,119.530251
995.312426,21,119.744883
791.897283,12,119.864539
838.726102,11,119.964086
805.606711,14,120.08534
1257.749428,29,122.663663
980.65764,16,122.812176
633.014667,14,122.927202
755.327654,10,123.011785
784.709207,10,123.100355
785.69918,8,123.172371
834.341973,14,123.294398
704.180386,17,123.427975
773.632776,10,123.516995
762.043626,18,123.68223
877.273236,21,123.861178
976.445888,24,124.062498
1019.210277,15,124.203051
784.066463,12,124.308694
1051.671805,23,124.498625
883.666456,11,124.598647
931.283341,15,124.734052
1065.423806,24,124.945437
965.153054,20,125.122377
737.46389,15,125.258049
792.289422,8,125.330022
840.8548,11,125.430256
770.611965,7,125.492269
753.130327,8,125.559879
971.475788,14,125.68055
669.300899,11,125.771448
903.95588,23,125.955835
628.430387,11,126.038855
656.264573,12,126.143879
690.088378,10,126.226048
900.997371,15,126.351932
846.999841,14,126.469959
874.78697,7,126.540974
852.290888,15,126.667315
861.820853,13,126.797898
923.344956,20,126.961057
984.448773,16,127.096215
826.793608,14,127.224403
640.174058,7,127.275307
671.085415,10,127.353677
1075.435887,11,127.461806
674.435835,7,127.520428
1038.344044,15,127.650695
676.901668,10,127.734261
803.326496,8,127.806607
846.40414,24,127.995924
1001.042088,17,128.164481
808.979577,16,128.295966
861.198257,15,128.430021
643.774351,8,128.506114
657.591983,16,128.632365
487.461067,9,128.703149
886.112401,14,128.828779
763.67191,11,128.92466
879.939824,16,129.059138
967.979535,20,129.228701
834.769851,10,129.315133
948.047781,19,129.481059
950.970686,16,129.622538
830.825887,16,129.759414
937.78816,17,129.919323
745.260385,26,130.127379
743.444357,10,130.225415
901.788325,7,130.291095
829.925801,14,130.406724
937.398645,15,130.529487
824.737064,17,130.672255
595.628176,14,130.788221
667.44813,18,130.921148
878.117816,14,131.036378
766.536673,19,131.180044
734.346283,10,131.256443
662.73758,10,131.333302
879.815878,27,131.563526
800.088519,11,131.662392
708.616288,7,131.725863
853.282272,13,131.851285
1218.822518,23,132.043493
748.635647,11,132.134631
820.012148,22,132.311153
915.590079,14,132.430717
686.721352,7,132.486299
697.852233,21,132.652482
925.675014,10,132.745225
687.315638,20,132.906928
721.725465,12,133.01289
862.458699,9,133.093263
607.991578,17,133.232041
739.186708,15,133.359745
742.130199,16,133.500671
694.146783,7,133.558628
998.43062,19,133.728146
913.584685,6,133.782898
695.375741,27,133.996436
926.883412,4,134.033827
1161.18349,26,134.255857
862.661322,16,134.392692
788.546761,14,134.517192
836.501071,13,134.629035
865.319183,4,134.668874
1024.910171,13,134.792085
783.986241,12,134.895576
723.732439,16,135.023668
1021.636458,16,135.169408
852.479705,21,135.346959
858.890139,13,135.45991
575.174085,11,135.543503
702.796035,8,135.609049
670.617114,13,135.710975
758.921904,10,135.798747
693.061113,25,135.984125
896.146791,17,136.137078
940.59088,14,136.270356
1052.630145,9,136.357846
632.270522,10,136.438114
793.721666,15,136.572244
931.626884,11,136.669358
976.973656,5,136.719763
735.200477,12,136.823191
749.2237,6,136.873181
823.092542,8,136.948458
937.310861,10,137.037951
524.325872,12,137.129062
699.312337,17,137.262639
743.251412,10,137.34614
807.937723,14,137.466989
1119.317496,17,137.630964
873.901051,29,137.862165
906.65115,8,137.945827
1294.978103,27,138.177872
829.723758,18,138.315572
707.874499,7,138.367644
865.000534,12,138.45999
942.712449,18,138.610892
797.91709,28,138.826607
1090.380801,22,139.012581
713.292736,12,139.126797
683.173912,16,139.25364
1052.569069,20,139.434063
938.067431,4,139.470283
928.250646,7,139.532062
637.047131,16,139.660584
588.425614,13,139.756698
1489.225465,29,142.10697
930.653872,22,142.292586
810.167208,20,142.459624
891.347042,10,142.550768
647.980218,17,142.700257
676.710211,11,142.786317
847.037979,19,142.951625
572.038445,12,143.043645
619.485086,17,143.177676
1128.287228,13,143.304034
1075.853876,19,143.474112
758.240337,21,143.644689
1096.03706,13,143.766164
780.400109,5,143.805604
753.615321,11,143.891623
977.384661,10,143.991645
739.132363,6,144.044961
1047.264722,17,144.217
1000.41608,7,144.286015
874.097646,14,144.403989
834.699212,12,144.520362
774.778722,14,144.631388
1112.538418,21,144.80921
820.266304,7,144.8713
793.879135,13,144.978721
809.070578,16,145.11175
675.075973,7,145.170763
862.906951,5,145.215022
695.622062,8,145.274035
752.382,10,145.354053
822.368284,17,145.500072
1322.009886,21,145.70579
718.293827,11,145.798475
1016.489762,16,145.935705
659.240271,12,146.026908
837.073551,16,146.145579
771.934134,10,146.232932
685.051325,12,146.332928
783.81692,20,146.493456
978.8105,22,146.671488
832.74089,17,146.81547
910.399502,8,146.888355
588.859645,9,146.952739
731.125367,11,147.038303
693.913843,7,147.090089
929.282323,10,147.18029
835.680482,8,147.251237
1000.064212,22,147.437777
671.009663,24,147.618165
701.481997,12,147.7135
1013.881368,10,147.804762
796.814922,14,147.914114
1018.279495,16,148.05555
715.031047,11,148.15033
800.89311,7,148.21995
655.938824,13,148.321981
668.783134,10,148.403256
733.887867,11,148.488519
840.375667,13,148.602168
903.615452,9,148.684496
1032.506798,21,148.88397
784.528936,17,149.0286
894.135281,16,149.167668
821.485298,14,149.277302
685.915386,11,149.364653
1376.202608,18,149.529227
564.753827,12,149.61575
880.161837,8,149.691116
657.276525,9,149.759
473.695665,15,149.869588
877.297655,5,149.911516
749.135627,14,150.023352
846.341191,6,150.074172
766.149967,5,150.116922
721.898794,14,150.225514
761.052633,15,150.342172
744.222403,13,150.461311
964.260649,22,150.647395
700.183028,15,150.76409
685.887911,17,150.900393
800.01213,9,150.97651
639.611019,15,151.097286
781.541901,13,151.210191
1036.959081,16,151.346177
605.425979,17,151.47179
1009.034263,16,151.605204
729.511529,6,151.651732
965.980017,15,151.788391
829.7534,5,151.834602
850.772727,8,151.917348
694.341971,7,151.973743
913.805264,12,152.086376
684.583413,6,152.136286
855.842237,15,152.263239
780.205815,10,152.343865
903.622094,18,152.490155
917.428636,14,152.606084
788.004721,5,152.646057
909.382442,27,152.863676
890.412412,7,152.928032
951.180855,28,153.153838
698.628092,8,153.217731
852.730672,12,153.31901
650.64795,12,153.415893
896.201612,9,153.496459
593.385855,13,153.59007
781.801089,12,153.700699
721.424665,13,153.806505
903.350833,29,154.027341
816.023392,20,154.191228
800.54459,20,154.352505
862.945753,23,154.532667
698.091825,11,154.627413
750.158341,14,154.737618
865.19655,13,154.838604
863.487103,26,155.04328
515.715544,17,155.16355
590.523117,14,155.289366
1019.281878,4,155.326522
690.771232,8,155.393853
631.544934,10,155.472476
820.433819,15,155.606781
683.748665,16,155.731352
1108.010334,16,155.883333
864.890394,13,155.999963
926.725397,27,156.214536
860.567208,6,156.271466
934.646541,8,156.347993
1063.890055,18,156.502541
925.246774,21,156.676925
830.664785,18,156.836018
1171.93267,13,156.95842
693.066759,15,157.082627
794.302894,24,157.267967
797.714973,11,157.369251
700.103521,10,157.448461
835.348135,13,157.553671
934.401141,20,157.721941
1027.020496,22,157.912677
734.867875,10,157.99496
721.958419,10,158.07327
869.168357,8,158.161539
879.050071,4,158.194187
935.013791,17,158.332344
673.187378,17,158.466552
898.605311,12,158.569484
862.817855,10,158.658459
605.849022,8,158.718628
621.165823,12,158.810942
739.394094,14,158.922534
1112.731948,25,159.136074
1023.6598,18,161.500648
799.005641,11,161.604673
874.217372,16,161.757296
965.83708,6,161.813152
754.65671,11,161.898172
899.142124,22,162.077211
814.406569,20,162.235766
729.875835,9,162.310211
711.455805,8,162.37433
1078.653887,17,162.522363
800.484666,24,162.703406
835.425577,10,162.795424
821.97672,13,162.90767
540.293704,11,162.979686
768.214438,16,163.101813
860.876751,13,163.215838
763.78192,8,163.296856
908.73346,9,163.37808
677.337931,11,163.46586
621.207532,23,163.641145
781.323865,6,163.696157
813.570747,9,163.769173
593.394634,18,163.91298
930.718117,22,164.091087
714.186211,9,164.168104
1075.562872,11,164.276129
936.762348,22,164.457869
834.244416,12,164.564894
735.398983,13,164.664914
822.936591,22,164.856124
649.487141,29,165.085985
1015.831058,16,165.220894
880.599322,4,165.253962
1094.894348,11,165.350805
763.307546,6,165.403819
1002.421468,13,165.523504
658.332249,18,165.668536
829.186137,20,165.831573
1189.079982,21,166.02234
739.342623,11,166.106318
864.856449,18,166.265654
649.803335,8,166.324669
719.989567,7,166.383403
673.549319,20,166.545202
591.16347,10,166.618175
786.766442,15,166.738202
1079.713542,3,166.765209
661.823219,8,166.826221
830.446174,5,166.868231
745.659477,10,166.954636
732.397461,9,167.023651
680.878145,12,167.121359
929.983811,12,167.234658
1174.745444,15,167.378591
716.157852,7,167.433603
1184.161733,14,167.567632
700.352005,8,167.644763
790.308492,18,167.797137
799.1438,5,167.841147
869.902517,18,167.997283
702.363367,12,168.100438
714.660674,20,168.254623
795.835548,16,168.386653
822.028506,11,168.480203
850.125247,6,168.533215
992.917621,23,168.732121
729.692753,6,168.781131
877.724643,11,168.874152
956.603635,15,169.010717
934.827898,17,169.165809
697.554985,13,169.266125
798.44211,21,169.438415
968.869084,18,169.587005
851.309048,7,169.648019
755.301545,9,169.720035
711.672781,17,169.850456
971.335307,18,170.001489
854.156764,13,170.111048
685.411134,8,170.173063
720.461938,13,170.278
821.380391,13,170.385024
817.306882,16,170.518054
849.588384,4,170.556063
716.755351,13,170.68009
907.82594,18,170.823284
1211.258654,21,171.018143
678.053725,19,171.170724
794.37857,8,171.239738
989.732703,16,171.37375
1004.155384,16,171.514782
695.040882,16,171.639081
645.693167,21,171.799117
962.081673,10,171.89806
779.887445,15,172.018086
673.094769,8,172.093103
745.817292,14,172.204128
845.735888,11,172.301149
1031.338362,19,172.45892
1021.700493,22,172.627957
704.324451,11,172.719978
777.185289,14,172.840452
671.03506,13,172.93459
874.046458,12,173.043357
753.832534,18,173.179386
759.171874,14,173.294411
809.082433,10,173.378432
678.829553,10,173.456409
701.271286,7,173.524427
793.40456,9,173.612531
982.257447,12,173.732367
1052.440437,14,173.860054
667.347026,13,173.961078
745.380737,6,174.010421
711.516344,18,174.150511
781.489437,14,174.261831
820.05519,9,174.343485
557.091109,18,174.476794
687.351412,17,174.613274
781.654116,16,174.733301
880.939864,9,174.814103
758.250376,9,174.886119
1043.38102,13,175.012713
725.772142,19,175.18206
926.185788,13,175.288228
733.683019,13,175.398254
968.519254,24,175.602772
750.396607,14,175.723417
1119.973343,25,175.924464
1142.782477,24,176.131517
884.59564,12,176.234541
783.214097,15,176.356938
747.305429,10,176.440956
995.442785,21,176.618863
855.79855,12,176.729331
687.241319,10,176.807415
867.935771,11,176.911437
656.089358,10,176.998
876.598336,16,177.136032
820.880347,15,177.259035
958.550053,27,177.466132
849.188019,9,177.54215
840.206685,16,177.679675
922.979744,12,177.791474
810.46452,20,177.952061
750.039862,15,178.078089
824.390695,13,178.195116
758.503088,8,178.261968
811.818845,8,178.331983
797.8141,6,178.384996
626.077743,13,178.483018
811.956684,8,178.557033
686.079513,7,180.769905
1546.429892,36,181.086385
1004.335237,12,181.184443
743.907768,12,181.27578
832.00857,10,181.357991
796.373256,5,181.398412
684.53822,9,181.465807
653.125965,9,181.536334
900.304923,20,181.703139
880.942481,13,181.819576
762.208874,14,181.934312
830.036455,17,182.082175
680.427173,9,182.156744
813.9479,18,182.302744
933.497089,15,182.430204
801.531241,13,182.536924
1300.932718,24,182.750468
704.305085,12,182.842724
737.342808,7,182.899507
691.482761,13,183.00732
783.444137,25,183.198429
698.038817,16,183.341654
867.007141,16,183.473056
717.027481,7,183.534975
747.021621,10,183.617804
644.969846,10,183.698204
849.843266,7,183.763529
901.943163,9,183.834452
657.623297,19,183.981465
637.342099,12,184.073529
995.985231,33,184.332285
1042.628034,12,184.447976
1238.54121,35,184.742283
782.462968,6,184.798819
969.623466,15,184.937095
1117.788486,16,185.087075
773.730734,6,185.131072
643.327555,8,185.192999
655.271083,8,185.257587
1218.443653,32,185.517163
686.940411,7,185.572344
1004.416881,9,185.655682
742.130613,12,185.754413
772.63772,18,185.897566
869.558589,8,185.970146
674.389494,13,186.067702
794.674537,17,186.21593
1041.974229,19,186.40131
937.225899,20,186.562192
1143.535279,17,186.720393
745.489873,17,186.855192
998.070159,21,187.029615
1140.303115,23,187.228826
736.226537,14,187.342267
744.693413,11,187.441312
808.625634,18,187.576535
678.422611,10,187.6538
687.944114,12,187.768046
782.265307,13,187.872372
956.146528,23,188.059685
689.749665,18,188.203681
825.716666,5,188.24771
705.377179,8,188.313778
1002.137183,25,188.51699
893.838412,28,188.723151
923.118639,4,188.759412
768.297229,8,188.83028
678.368954,21,188.989669
801.15084,10,189.071531
947.699586,15,189.225885
914.486463,13,189.336844
704.900447,8,189.412853
1024.579338,25,189.618726
752.92236,13,189.720803
1180.961719,20,189.893189
801.634022,8,189.961143
751.525234,12,190.051961
1060.116839,36,190.334205
646.341462,12,190.424607
640.218006,8,190.483164
638.306201,17,190.636216
1133.989099,19,190.808716
683.566633,12,190.914401
954.95248,17,191.063299
914.542123,9,191.139938
810.291468,21,191.30052
805.024163,21,191.462147
912.411373,9,191.545433
749.255432,8,191.620112
784.209455,18,191.764128
827.300576,6,191.817025
648.546399,10,191.899362
642.687845,15,192.031506
952.672511,14,192.152604
864.709804,16,192.287576
850.579376,13,192.405129
900.594716,9,192.478595
903.01215,22,192.652198
796.190267,13,192.768678
752.326299,13,192.869683
990.081125,16,193.010489
967.589491,25,193.208957
1258.527604,20,193.394055
1048.032302,22,193.591778
960.467863,7,193.654831
776.465824,14,193.773505
1284.175373,14,193.906734
745.528458,10,193.995705
1291.628517,49,194.369174
658.49799,14,194.475268
734.316508,16,194.596427
588.436154,15,194.714265
762.948623,20,194.92046
651.072715,9,195.000343
974.3188,16,195.162808
872.381479,14,195.284706
561.432301,19,195.422876
763.547548,18,195.568937
829.729016,19,195.733466
962.538767,25,195.920542
1061.516662,25,196.125793
1017.153591,8,196.201918
609.742436,9,196.270803
931.078964,14,196.381103
752.261845,10,196.462565
1161.614436,15,196.602809
834.117751,37,196.890988
1044.298724,20,197.058604
945.751084,4,197.098173
890.144938,16,197.232809
994.654062,23,197.426055
686.081824,15,197.538742
985.947323,19,197.70946
825.563778,17,200.042392
852.974732,13,200.164625
1024.041212,21,200.337056
778.916721,10,200.419325
909.623152,5,200.459334
806.88538,6,200.526015
606.278471,7,200.586029
1086.575692,27,200.822953
675.784439,12,200.918974
768.502439,15,201.039546
1458.386753,2,201.059555
1297.678435,28,201.30361
787.000848,13,201.408681
727.24585,24,201.604282
967.337836,24,201.808459
685.736869,17,201.943489
617.390867,26,202.16256
865.948485,13,202.279685
803.853593,10,202.364704
705.040258,12,202.465982
1029.517198,13,202.580832
544.615159,18,202.715738
969.700043,17,202.863844
735.736506,16,202.98759
716.631268,13,203.088176
1074.900446,17,203.25069
903.869355,17,203.381718
899.696927,9,203.467466
750.434559,16,203.598671
1416.691219,36,203.90619
738.794911,7,203.961841
1130.840038,26,204.17187
777.989889,14,204.284448
901.458789,19,204.439481
996.589623,25,204.646026
841.802743,14,204.76458
1091.3022,24,204.961885
788.476191,17,205.114901
1036.374731,14,205.256274
663.064027,19,205.401798
1605.160495,30,205.659295
947.47926,8,205.731014
792.806505,22,205.898963
1197.932534,27,206.115145
608.031636,16,206.234312
712.325836,10,206.30622
626.593866,10,206.38075
937.739196,23,206.572044
685.151685,14,206.678746
864.513812,11,206.779855
590.5778,11,206.870655
961.491315,10,206.959972
804.068918,8,207.023415
601.51061,14,207.130359
765.729113,15,207.249106
797.939046,7,207.304199
874.325973,6,207.356125
809.404241,8,207.422768
1078.990316,3,207.451435
1180.757731,26,207.670729
821.401109,8,207.734246
729.422856,11,207.824311
860.565601,12,207.928541
658.674328,8,207.986285
774.052176,17,208.136133
799.408315,14,208.263778
848.249065,15,208.380006
822.155289,13,208.491745
662.59364,16,208.620353
909.249684,13,208.730967
923.841868,12,208.830825
524.859083,12,208.924821
822.789664,22,209.098579
733.552164,7,209.153766
847.921066,14,209.270076
654.612109,9,209.347507
966.243378,10,209.440381
962.391031,20,209.614186
987.766601,15,209.747292
639.133706,17,209.881564
1186.306977,21,210.053515
1017.638119,15,210.183599
858.944324,15,210.299113
1212.604252,27,210.531407
914.326269,5,210.575399
724.652225,11,210.659564
762.748728,14,210.766564
715.868125,18,210.909137
716.018685,10,210.995792
887.259211,17,211.149761
851.785214,12,211.257481
775.839552,10,211.348909
649.3776,9,211.420408
1013.702678,11,211.523971
615.408356,11,211.608237
1301.646476,23,211.803687
869.740233,9,211.887891
747.732789,15,212.014195
913.539824,21,212.19236
669.830764,14,212.2979
677.213744,12,212.392342
1000.431435,13,212.499235
871.508674,12,212.621601
978.465248,16,212.77266
716.087911,10,212.859983
755.110575,17,212.998104
818.618543,24,213.190069
829.101323,5,213.22991
987.982637,25,213.434298
1044.008413,18,213.583428
974.775267,23,213.780467
874.736301,5,213.826393
728.548075,8,213.886244
806.46886,14,214.006843
1061.660918,19,214.189862
849.886718,22,214.376921
685.677582,6,214.418385
794.930375,14,214.534867
832.627543,14,214.650859
754.865427,27,214.861269
802.020299,10,214.939595
810.667831,14,215.055285
1044.474844,30,215.267108
986.521138,19,215.42656
995.709541,18,215.594255
1201.730162,36,215.89307
805.764652,12,215.997049
876.843218,9,216.076438
613.990293,15,216.180277
712.326409,13,216.284458
654.376193,12,216.379486
669.166178,13,216.486852
1049.633148,11,216.592088
1047.717465,3,216.620049
849.367099,9,216.697823
791.540809,10,216.787775
853.403932,13,216.894179
915.687005,12,217.006283
616.312706,9,217.081107
1016.713504,24,219.309568
775.877889,6,219.365582
792.749751,16,219.49061
746.651906,9,219.553781
877.666865,8,219.625796
746.894082,11,219.713815
977.136241,20,219.891885
919.738216,13,220.01334
1082.258396,14,220.146477
618.401987,10,220.219494
1048.911476,26,220.441181
510.013775,18,220.583213
704.688145,8,220.642672
906.984384,16,220.773773
638.575404,11,220.861792
1032.103338,12,220.977334
819.503797,16,221.115452
738.016425,11,221.20827
972.412389,16,221.348302
942.027288,11,221.454552
687.353203,12,221.547132
875.912394,10,221.627151
767.968388,8,221.693508
711.512282,13,221.794771
1121.318561,21,221.966809
740.786214,19,222.12504
1013.647752,17,222.267549
1067.887473,28,222.499601
811.773023,5,222.54061
583.741686,14,222.647081
973.788277,13,222.769346
927.049616,19,222.923381
781.191299,9,223.001336
893.498482,11,223.091355
801.307305,12,223.191926
950.653149,6,223.244939
575.765549,11,223.326829
824.559431,25,223.520462
695.955625,11,223.625232
684.125311,9,223.703425
978.538667,32,223.946581
667.033421,8,224.014596
693.31521,13,224.115618
714.864163,20,224.271654
840.638571,13,224.386532
1081.761092,26,224.594579
962.044085,16,224.727675
825.913983,6,224.779031
853.375333,10,224.863961
1059.133532,16,224.999991
729.819106,10,225.092013
913.159624,4,225.131595
582.803751,13,225.229617
741.381033,16,225.381637
858.485503,23,225.577184
632.677058,14,225.683097
781.75348,14,225.803124
872.44676,8,225.874006
881.017247,12,225.982591
910.958379,20,226.152631
921.445905,10,226.243651
760.358576,12,226.342673
883.550212,19,226.504081
986.814036,16,226.663084
1061.067786,15,226.797114
684.487842,11,226.881132
783.944474,9,226.95615
691.950145,18,227.093582
1124.020537,13,227.211146
726.689228,10,227.294165
680.353877,8,227.350627
1050.512989,12,227.45865
625.957103,8,227.520345
1239.45948,18,227.680355
713.543233,10,227.759181
713.753272,10,227.842297
856.543264,9,227.924315
742.861973,17,228.058298
662.7421,11,228.173726
692.048141,9,228.25084
807.197436,8,228.325856
661.947708,12,228.418877
799.140404,10,228.500896
903.491325,9,228.58148
804.240275,15,228.716794
664.406815,25,228.906381
786.154669,16,229.041411
832.265251,13,229.158833
965.983427,16,229.293863
786.705277,17,229.435895
801.404965,6,229.485315
751.099919,9,229.557312
861.052443,5,229.602691
726.37452,7,229.663359
864.214752,11,229.772242
830.112858,15,229.897269
649.635174,10,229.982289
879.004955,19,230.133373
835.846351,11,230.234134
695.035607,14,230.346159
728.872862,7,230.397169
799.872596,15,230.521198
722.677,15,230.645868
838.748176,8,230.722173
1210.459845,16,230.882087
857.963441,15,231.004115
932.392174,12,231.112677
945.046904,12,231.24092
1123.858719,21,231.435964
655.189498,9,231.512108
1588.146278,31,231.779921
1159.783759,14,231.911016
931.761417,12,232.018039
811.822249,13,232.126064
795.939847,31,232.361834
508.284038,10,232.439432
981.133661,14,232.56746
745.897273,12,232.665482
867.356927,15,232.805647
773.492455,17,232.950348
903.955133,12,233.059374
811.707133,18,233.208937
758.770354,9,233.281857
984.154077,20,233.450413
689.279387,12,233.544755
790.742825,13,233.651779
1118.030235,18,233.811308
657.765631,14,233.912162
909.117082,14,234.025188
712.044396,12,234.12521
988.895359,17,234.281244
659.0966,8,234.34826
938.840904,13,234.464139
825.616235,7,234.533104
882.930496,6,234.589728
800.583505,10,234.676748
705.408111,11,234.767768
818.651713,12,234.87079
872.039773,7,234.936661
842.28005,39,235.238462
701.050523,10,235.321288
906.518511,16,235.470279
888.336008,21,235.645953
706.618298,10,235.726969
653.567642,27,235.951221
1017.188016,20,236.128071
920.872505,12,236.240141
911.130139,18,236.410453
1184.557339,25,238.924991
742.849274,10,239.023012
811.756516,7,239.085027
728.791279,11,239.180399
902.99695,7,239.250046
914.673923,12,239.35707
662.132997,13,239.466094
1005.100483,9,239.564998
688.070654,9,239.663697
767.751731,10,239.755729
756.413711,16,239.896909
863.449822,17,240.038895
832.720084,15,240.173303
763.355569,13,240.290877
759.374398,7,240.355839
1041.187003,15,240.492792
1260.719676,23,240.712659
1000.898345,17,240.856437
785.928347,16,240.985719
865.837143,11,241.085656
718.647754,12,241.189694
706.379179,15,241.338544
689.161826,13,241.446259
888.670695,13,241.561998
831.238307,7,241.635377
1093.36072,23,241.841523
856.757967,4,241.878394
851.889314,22,242.056625
995.030609,11,242.164697
634.777732,12,242.257059
885.766595,17,242.412612
970.402827,8,242.494465
800.18997,18,242.643136
673.871465,22,242.825336
1262.30273,21,243.020241
577.836351,10,243.095597
690.575248,10,243.180864
832.019721,17,243.324165
629.451298,10,243.405123
807.52452,13,243.51827
806.080871,14,243.637937
1352.206428,21,243.839927
855.594969,20,244.016975
821.088397,29,244.26097
1003.049774,24,244.463288
919.247082,11,244.575991
824.816539,8,244.648233
1016.316571,23,244.854023
751.097076,24,245.044969
1218.596764,33,245.325118
917.526984,15,245.467676
569.223189,14,245.584501
1106.294517,24,245.808054
930.369547,14,245.947623
722.188893,10,246.032361
894.718674,12,246.143881
952.817543,12,246.262619
883.449036,11,246.37023
1030.064888,15,246.503486
793.746155,13,246.617592
850.756928,26,246.834818
719.532531,12,246.934509
913.684842,15,247.073961
774.675564,11,247.17089
724.350365,10,247.25721
758.403015,17,247.40146
965.522366,17,247.560965
899.229303,19,247.727499
756.718679,13,247.838299
990.865485,29,248.075586
756.248508,9,248.159006
867.088634,16,248.298942
657.115016,14,248.415435
714.248484,24,248.606369
763.231175,12,248.711531
717.624461,9,248.848657
824.513969,14,248.994762
881.02057,13,249.118292
924.269509,16,249.263528
740.150247,9,249.34578
700.817821,13,249.452497
1018.423592,14,249.594444
734.409562,8,249.662087
836.811756,14,249.78668
985.671064,14,249.920156
730.074235,13,250.028606
918.614206,21,250.209003
1209.432535,20,250.396188
844.923436,5,250.437661
777.902584,25,250.66295
706.12518,8,250.725328
748.030909,8,250.798627
763.278851,7,250.857437
841.474833,17,251.007925
652.566639,9,251.076488
748.045741,23,251.265493
842.45876,23,251.453763
923.084479,4,251.489362
813.111828,12,251.593867
921.501699,25,251.797685
886.639585,8,251.878204
673.967557,9,251.958413
702.546349,13,252.083949
890.587048,24,252.291479
971.566472,4,252.332768
822.75544,11,252.43416
1031.875796,26,252.658206
907.380868,21,252.844478
667.805084,13,252.96066
857.638903,5,253.003341
1062.467667,18,253.165869
748.064028,19,253.323848
792.081568,15,253.458549
789.512445,24,253.673695
689.015278,9,253.751123
911.946419,12,253.865711
1167.040391,22,254.054462
955.214456,28,254.292838
807.155727,14,254.413625
788.394273,14,254.542586
881.343922,11,254.644754
979.56662,29,254.889532
878.180425,12,255.022146
1026.346493,17,255.172234
724.241479,11,255.26413
689.48667,16,255.392431
939.012806,20,255.578106
811.542788,14,255.703466
679.063733,9,255.783548
799.952121,8,255.859941
941.790537,8,255.935743
779.791642,10,256.022976
635.664918,7,256.084647
870.739922,19,256.242081
1014.78381,8,256.321889
593.48975,20,256.482535
714.685409,21,256.664244
1078.972034,11,256.781448
800.255411,7,256.840006
680.916133,12,256.942036
671.301423,11,259.421926
834.634817,14,259.584963
639.970041,11,259.687172
709.539924,15,259.813104
745.145563,16,259.956108
720.374148,18,260.109142
828.750294,14,260.238726
647.895694,13,260.351751
689.973491,8,260.436269
941.689729,10,260.538826
795.507478,12,260.646842
853.392337,14,260.780111
999.866054,19,260.952452
829.183944,20,261.13318
808.631498,16,261.273995
777.784196,15,261.411021
713.558377,9,261.498323
817.639698,16,261.637738
800.425086,7,261.702471
734.361189,7,261.763994
667.371812,10,261.852201
741.801547,10,261.943984
1005.686734,18,262.126462
1148.144314,11,262.237444
830.578609,14,262.361701
647.290876,13,262.471011
1189.398297,17,262.636211
805.520203,16,262.775276
908.783548,13,262.882464
886.041331,12,262.990872
1013.508665,9,263.081662
854.539738,9,263.160481
1174.455727,19,263.324925
787.960537,13,263.435074
704.880113,13,263.569064
954.75578,16,263.730077
796.564567,9,263.81022
583.36854,9,263.88405
762.63833,9,263.964208
911.003922,11,264.064182
992.850789,27,264.278656
982.606178,14,264.394271
894.08386,12,264.500201
776.936762,21,264.666887
668.73477,16,264.78554
638.814557,8,264.846179
754.852655,17,264.982461
571.589638,12,265.091058
906.563534,21,265.269732
826.948739,11,265.365532
974.993962,6,265.421087
777.643861,10,265.502898
890.055962,18,265.648787
794.900185,9,265.734405
1068.614531,11,265.838906
1049.061079,18,266.000892
835.915908,25,266.202108
895.32873,10,266.297775
671.091575,29,266.518186
710.150692,12,266.636843
867.795742,34,266.919811
989.716317,14,267.056005
618.127642,16,267.194517
726.10754,13,267.301546
844.00169,5,267.344397
996.287205,17,267.494494
859.222074,10,267.590397
777.802613,12,267.690282
865.612139,33,267.954725
811.620156,5,268.003749
752.747206,21,268.188539
1026.69637,21,268.377419
1085.394629,17,268.532276
1101.535968,20,268.713577
876.589873,12,268.829193
745.266786,16,268.979301
861.577963,15,269.121095
976.49127,13,269.247009
1344.491178,20,269.442594
740.849625,8,269.514483
719.200427,15,269.647622
706.322083,7,269.712206
695.725941,15,269.83742
1048.509174,24,270.062129
770.152686,13,270.174901
634.335474,10,270.251262
921.560156,23,270.448734
854.035558,10,270.543218
813.522461,21,270.715877
872.893733,24,270.934812
884.651611,10,271.040323
796.119822,15,271.17234
638.018443,17,271.309671
913.286234,16,271.451675
1064.27888,11,271.566992
894.140206,7,271.632319
886.072719,12,271.745441
602.454243,7,271.797781
1028.334395,18,271.969302
724.303167,8,272.038865
856.940342,11,272.144682
830.066535,19,272.305833
887.602367,9,272.394661
1048.708762,12,272.510794
658.082713,10,272.617071
992.392063,19,272.794032
870.167,11,272.896514
962.566977,32,273.157961
651.515544,12,273.258184
735.967129,7,273.321691
885.980079,13,273.437322
676.120215,9,273.514758
673.818038,7,273.569571
984.182194,22,273.761237
614.185746,10,273.844012
761.841175,11,273.940058
871.279227,11,274.055938
803.175479,15,274.194922
873.733221,13,274.313519
849.191164,14,274.445844
738.861512,14,274.566605
1007.999551,32,274.841978
574.355323,9,274.91555
925.388024,11,275.023929
724.561697,14,275.146688
1194.467089,20,275.333553
615.041662,15,275.45908
590.976356,13,275.584122
972.097158,18,275.742687
840.902885,9,275.825714
1018.987865,13,275.96437
564.875376,9,276.040361
867.983891,15,276.187048
1100.076201,22,276.370442
566.846825,12,276.465392
729.036284,14,276.584435
849.950803,21,276.761986
887.965321,10,276.858911
990.832937,20,277.041243
841.868788,13,277.156824
653.163376,7,277.216188
842.482775,14,277.342006
779.738459,18,277.497162
852.992853,12,277.607602
666.590428,15,280.150902
892.282143,17,280.317628
763.295934,12,280.421388
811.18118,7,280.4804
753.283156,16,280.610101
1089.879136,16,280.754234
671.266485,13,280.87026
1041.297843,13,280.999728
843.843143,14,281.128011
636.587817,17,281.266042
730.092117,15,281.389679
765.120181,12,281.485602
784.105428,9,281.566933
1149.774713,17,281.74292
826.361951,17,281.887196
657.535549,13,282.004674
757.781517,17,282.14636
630.326681,15,282.279556
651.022587,7,282.335216
884.15413,29,282.590255
680.085642,16,282.721168
945.463747,27,282.960436
1039.097891,24,283.168435
779.362859,9,283.25397
938.64323,24,283.459704
1059.604534,13,283.591831
702.589976,12,283.686766
776.478851,8,283.757492
834.841226,5,283.80553
1276.365989,17,283.985643
749.597717,13,284.114544
653.019978,11,284.216203
890.333784,8,284.298786
885.397373,12,284.412697
1101.394841,20,284.590799
816.384047,14,284.719625
628.181525,12,284.820171
785.026828,11,284.920756
801.608974,9,285.002417
896.052476,18,285.157132
1059.117637,17,285.329139
665.175133,13,285.430184
850.657696,22,285.61748
994.295111,23,285.848689
975.47435,13,285.983179
867.320536,13,286.097544
979.991382,12,286.224214
1076.884052,20,286.41047
918.345589,12,286.529709
706.856149,11,286.629757
896.93159,20,286.809351
889.352331,18,286.963355
1025.89435,15,287.109427
924.463507,15,287.25912
979.139411,23,287.461298
791.547172,13,287.575732
610.987937,13,287.679301
908.522295,7,287.753989
845.772545,16,287.893353
870.222609,11,287.995916
1027.464159,23,288.214116
673.484017,12,288.318059
932.727947,14,288.448333
802.497831,14,288.575387
916.84559,24,288.779051
766.338211,7,288.844026
696.584317,18,289.008753
794.814425,28,289.255537
795.823808,16,289.396578
735.272497,6,289.449319
897.487493,22,289.639657
729.985549,10,289.725034
870.061882,10,289.814098
1155.537401,28,290.050563
1071.22204,3,290.083057
674.617339,10,290.164979
639.495053,14,290.280398
631.266364,17,290.412773
896.318231,8,290.506023
835.895087,13,290.619727
1075.073707,17,290.78033
781.007589,21,290.937189
630.8911,13,291.042309
1258.231622,13,291.171471
716.7925,8,291.234101
940.952016,7,291.291094
1003.853388,8,291.370395
677.752447,10,291.45164
793.264357,14,291.565269
879.478948,11,291.667363
740.311564,9,291.73895
800.273343,11,291.837044
854.319443,8,291.915246
972.127016,28,292.162516
914.090299,13,292.290812
745.539858,13,292.39436
689.385365,13,292.498312
929.709474,14,292.619953
756.628543,6,292.668961
1052.855985,7,292.741655
786.62844,14,292.857227
1061.327006,19,293.021855
816.048492,8,293.093689
779.63948,14,293.206149
826.038067,19,293.364176
789.356099,15,293.504144
1019.401784,13,293.619721
815.007043,9,293.695228
632.907201,10,293.77611
799.391879,9,293.856988
802.542801,12,293.960607
1051.213786,27,294.178448
891.541633,16,294.307935
1465.515463,23,294.517391
657.504214,7,294.573253
701.809356,18,294.71632
805.332557,9,294.800833
787.717832,14,294.930928
758.528037,14,295.043462
1090.552225,20,295.23056
810.098342,6,295.283774
796.366614,13,295.399293
910.442462,17,295.548312
891.713613,9,295.631622
894.608844,10,295.72411
906.788331,9,295.80824
745.756211,8,295.87477
1089.455215,24,296.074867
700.091625,19,296.225804
705.20324,10,296.30413
831.048783,21,296.48133
765.153487,13,296.594959
696.660171,21,296.767788
792.79913,11,296.865362
1191.049509,19,297.040754
760.537812,8,297.104758
872.450418,19,297.27131
844.025097,14,297.38201
732.327069,14,297.493227
1424.867965,30,297.767128
750.086603,12,297.871001
756.651698,13,297.98903
914.398315,6,309.388333
765.800418,6,309.428245
775.091601,7,309.477155
1210.13519,3,309.499269
824.163793,6,309.538778
741.991418,9,309.59379
694.197856,9,309.653802
669.485969,9,309.714817
806.414189,6,309.752825
730.200957,8,309.803837
